tμ1,tμ2,tμ3,ts,eμ1,eμ2,eμ3,es,rhat,r_failures
0.4358064792689653,-0.3355776936469397,-0.21239481950310246,0.43878403509350994,0.3814782902782154,-0.34741571580974473,-0.6410964626517176,0.36671533904323,1.0015470673177824,0.14
-0.38910210290051284,-0.24382130460420193,0.40137195909128676,0.5479159010873678,0.06392042412113517,-0.05589512688154646,0.2955162256910038,0.37829702715732516,1.003961024242712,0.63
0.7744165900333644,0.12978070220573978,0.7035591401521453,0.8588237796841074,0.6822116720368396,0.0980346689589671,0.2620589641996265,0.7291702185422091,1.0010360689837572,0.42
1.1885656912568372,0.3387976823964709,1.384293803351441,0.7003063372116818,1.5324346379341027,0.9526848531828855,1.0741082667472215,0.44134679079436795,1.0008864557740387,0.37
1.370138519250375,-0.9487013058160993,0.8543800100457712,0.9927145522125662,1.5708266863931704,-0.549373111177393,0.2180584418816063,0.690432321407354,1.0008838098566932,0.28
0.5468655878105073,0.8652156886962583,-0.3333824590636498,0.545420013459052,0.5119931201330887,1.0086976220973078,-1.5706047396599623,0.5637785794051461,1.001429588594818,0.01
1.082324532401799,-1.1472954136506792,1.3853206677030343,0.8060407765771056,1.4518168663097395,-0.6864093846430173,1.1498603455168455,0.5384418167451499,1.0012548737472011,0.55
1.3168333580501814,-0.6037012873167966,0.9910356304916519,0.41488252139406295,1.3496714075271707,-0.3552226569271371,0.7663360688047159,0.3483061967462195,0.9995964798095213,0.36
0.6832875578357909,1.0816810948854596,-0.04852413470108563,0.30064665172718075,0.6016424924847669,1.1691574260444004,-1.0930806535668198,0.30439638456623197,1.0012872526550851,0.0
0.947192378095493,1.1637752399036296,-0.4795390172505496,0.8582395576015938,0.9539654249100303,1.2271043067364644,-1.694975712340347,0.8356580758954159,1.0012889449911668,0.03
-1.0811522731909207,-0.7819800967767756,0.671443281659617,0.4102708285742581,0.17013555822028792,0.2830139519223364,0.6672110323613135,0.15548543517087757,1.0019107968397072,0.94
-0.776365137826631,0.14275029014515184,0.8206605261110571,0.9744989760944653,-0.27734201992089,0.47113503816564317,0.5674949564006087,0.625995196528091,1.0006149992570574,0.59
-1.0002056448736163,1.2949076149927592,0.34782619316066676,0.5801163066446602,-1.853604487763102,1.1528159573270669,-0.15063811596979398,0.5292028565479738,1.0019856121374406,0.23
-0.3510241557454532,-1.09373735383074,-0.3390591682250388,0.34601957881496065,-0.20908144969440925,-0.675942539081268,-0.5046288811611286,0.25131439618486046,1.0003206084265113,0.37
-0.521648981027172,0.26520001544432326,-1.1956837937840457,0.9981377526412385,-0.10875805437308592,0.36066593694443655,-2.3651194824333506,0.8902821197834685,1.0005249477650708,0.05
0.07164587389290844,-1.0970945231072218,-0.8522794410180059,0.8762888548478094,-0.2650509804625713,-0.7407743579189067,-1.5551240554874561,0.79817408098606,1.0007433714917642,0.22
1.4388864201781342,-0.5208011468083222,-1.2491328884190072,0.6842171243852508,1.4119265971209662,-1.1235610788163826,-2.3599554161507195,0.7677359321126243,0.9999009131921621,0.01
0.021829255499008937,1.4262739327886456,-0.003670169703324788,0.8403750655797586,-0.008806329924914895,1.268161526873484,-1.5534654670139243,0.9218060985497611,1.001763840173489,0.07
-0.8808508308198741,-1.3126857665163802,1.140313623703944,0.5480996504051281,0.9735390010189519,0.9117108253092535,1.1390015185934508,0.061687680697761614,1.0011474433138905,0.96
0.3436537958562551,-0.3655923444263347,-1.3445954566955338,0.5513152387634812,0.27102625894192983,-0.4714315659012351,-2.523354277537334,0.5422976459623364,1.000931653286805,0.0
-0.42860668495821175,-0.6541370743084431,-1.2413305339063125,0.9660878223484393,-0.3217512467453654,-0.5519382375606752,-2.3107686498528905,0.8121369697163853,1.0003538512298387,0.09
0.054936952923590354,-1.152444149774374,-0.5536826990499484,0.5070993034758546,0.18500854253136736,-1.0728809786633429,-0.8796648843055288,0.3794992397309621,1.0008044088466075,0.18
-0.6422234768313575,-1.09146532326616,0.31027656656290636,0.7724569438334927,0.06565775996310558,-0.3157477017579344,0.1707618021631112,0.43023964035234974,1.0002119415014694,0.6
0.610139932666868,0.9115927015709091,-1.2838179521929987,0.9207858994653302,0.24134595314580784,0.9109372604694737,-2.5784228298478196,0.9141614169321698,1.001116441886175,0.01
0.4717206832808034,0.006514808423186302,0.9180910504904554,0.8164452610503101,0.6743142904816075,0.3118727742309686,0.7252161349894581,0.4813551184331793,1.00072296031753,0.56
-0.3750429226260994,1.3866515299973239,1.1033127303998493,0.8525133355160541,0.2561620593508605,1.39722431865636,0.7126698078855036,0.5926716761202555,1.0009027794213115,0.38
0.5846087646339466,0.8898230270547227,1.3278238305221661,0.9312672566948341,0.5836770562856464,1.3251646288381234,0.8367068936691723,0.7599184174620313,1.0013983150743255,0.42
-1.3954166462652997,0.4758108394671188,1.4712098218191105,0.7219602122012938,0.30117483893395036,1.011827041209114,1.4192618089618767,0.3645765899568553,1.0009650519059041,0.81
-1.1655128970646291,0.05073835867678933,-0.8820325696911289,0.305798175671518,-1.16764246679068,0.06373649011383221,-1.3646783264928612,0.36306711761645233,1.0008808272295824,0.07
0.674404033493202,-1.4435541734646784,1.266193121353175,0.693626237164271,1.0237285849829716,0.19416617666763028,1.2177152548687689,0.3261594921559614,1.000294781809979,0.75
-0.8080311446536637,-1.223784712311348,0.5532816337260584,0.5230331426978161,0.30267984137090104,0.2450531491705871,0.5518962393525287,0.09668106463354553,1.0004069739546968,0.95
-0.7852861996270817,0.9241572855112263,0.5655064366143665,0.6076308425010475,-0.2760887050469416,1.041640761859979,0.2104863250753421,0.4419915967171266,1.0012761279364504,0.29
-1.0848836261767631,0.3908826913650163,-0.18506030691365516,0.8549369261023583,-0.8890442968835147,0.45938399422241777,-0.8219709438346806,0.7223163746207443,1.0000142435770814,0.26
-0.024107681955565008,1.3820869844390309,1.3419031596559314,0.34369959952053364,0.6180441481053152,1.4261899718777238,1.249882422127164,0.19386672695796808,1.002806123991596,0.48
-0.7293049181990956,0.5512269819150841,-0.5211124202124451,0.7027712776961241,-0.5718267845014439,0.4593921054709784,-1.531452226556091,0.62968499058511,1.002084090302131,0.08
0.3931446954383737,0.3460533768515339,0.18799066917688645,0.8094804883942861,0.2960718677070809,0.6933194137852238,-0.6482245710570997,0.7263309552602323,1.0007421980140916,0.18
1.0283042375841243,-0.15441778622841107,1.0478683804906104,0.9066173905345178,1.3466798267205504,0.3191334847874655,0.4575221225492615,0.7886421468186461,1.0024366967562557,0.35
-1.1196658036599942,-0.3304761021611724,0.9433403535259224,0.9871870371136027,-0.26153257109080197,0.41089245087287074,0.8314739599237736,0.45978400053899954,1.0017778979917393,0.75
-0.8432226515357322,0.976812209357397,0.8342755817425993,0.8936635086809466,-0.4247466633486728,1.169856480906103,0.3378151154589358,0.7033968732389612,1.001545084523572,0.38
0.0748148884932347,0.9866394485627428,-0.9565221269848876,0.7529105815067086,0.12098614562781455,0.8673900559979604,-2.3101474572865537,0.7490482799507003,0.9995638576358663,0.01
0.1602113497843034,0.5449100240859432,0.2684767551604592,0.5848794730688667,0.21099447759483353,0.6841170338542382,-0.2414274494446841,0.45401497705369626,1.0008864605534038,0.19
-0.33063949949847893,-0.4675006214846502,-0.3190712800054549,0.9328023909533645,0.15361550889612477,-0.2742915060973678,-1.0122969518709215,0.664984653649952,1.001409216006604,0.2
0.008646493016878143,1.0805321079723482,0.6963115680014544,0.3737962160971597,0.05932100372636235,1.1871923971276266,0.2828245712206636,0.2950306375578024,1.0012110992632237,0.14
1.0903834450746048,-0.42582553314002736,-0.7909566936251919,0.9308523905121664,1.2754638555653006,-0.18064695115211737,-2.027557771353902,0.773409870413344,1.0011847303740353,0.02
1.0093403695660284,-0.7498438601886117,-0.665690221346489,0.6420775042624717,0.9370153914100956,-0.3385225777648518,-1.694424019571307,0.5048001881639747,1.000395862573078,0.01
0.6535055363898241,0.35983962945002856,0.1259147851355953,0.50289479295958,0.7422290655614072,0.34426031989065475,-0.8758210933451869,0.4497136319286698,1.0013135268936015,0.04
-0.8570565711394718,-0.10085963208532589,0.6250717214102384,0.5759914750989958,-0.2564716045971469,0.20040624623595618,0.5212102064430685,0.43356869213954097,1.0009762071015151,0.71
0.782740648225893,-0.11955905061384153,-0.6106721292593313,0.7603953420873054,0.8528328122254447,0.19189141175436236,-2.0761768071431153,0.7672474697348377,0.9997601790768916,0.02
0.06890387786669017,-0.27528760728233026,1.0127142647496812,0.65044627382762,0.6140504481562259,0.4926384141261295,0.9564710312054683,0.2580800450797318,1.0013714623813457,0.76
1.3488881483393733,-0.21889913023524432,-0.23000269545647867,0.8487094580567436,1.616489082268597,0.1057788106580104,-1.579483865804271,0.7238856378746935,1.0006141344936017,0.02
0.123562823296129,-0.9113216024098192,1.4317766446565243,0.6085444309094143,1.2769952617930989,-0.26166998823562143,1.4290201596500105,0.08975148203792042,1.002939938830352,0.92
0.7518314459884294,0.5293739061747638,0.40559117683832935,0.8661046882844168,0.6390594649976542,0.7437905405067801,-0.4281556852101503,0.6729269857362349,1.0012579767393364,0.17
-1.4631518939479669,-0.46469834621283157,-1.1005384430289709,0.720039960516367,-1.3791167961426618,-0.3632603131920151,-1.7017890224598182,0.6612456355384936,1.0010875365883258,0.21
-0.2880239163382301,0.1801003018149565,0.829947971887548,0.3776746842676612,0.30162897980390996,0.6090181320721312,0.8047685092068548,0.1937289747418084,1.0010178592999566,0.79
-1.1746675730809033,-0.5258211327161657,-0.5176167075916411,0.4974727626447163,-0.9556178474377376,-0.31474100945959516,-0.8601790563677687,0.4219361738166384,1.0005830257080812,0.32
1.1665850717040014,1.2479062943529264,-0.43553786226572533,0.6384325195860646,0.95060517582776,1.3098954516440948,-1.860789112660521,0.6704813202118955,1.0000871828947768,0.0
-0.26018948413036425,1.4107186711848447,0.3429323145286898,0.676821466977042,-0.8529158789574294,1.479017900151525,-0.5810373531960944,0.6821436685024642,1.0004505765290561,0.13
1.0040057573664614,1.144677184288823,1.046084920823839,0.8334691043379479,0.8349493273450126,1.2521381225537627,-0.07858074985973953,0.9001968262431276,1.000258022978016,0.21
0.2637384539937795,0.07461439823717231,0.47028288765969806,0.3262751453969793,0.48778773689668264,0.26658783210435616,0.35904631486009875,0.18725825183688802,1.0018458830258496,0.43
-0.06896377320833857,-1.1619974217964752,0.4339267808400584,0.84506445313978,0.37473308041561265,-0.6267045462762266,0.19877448871792527,0.512305493637232,1.0017016786583253,0.54
-1.325931187957737,1.0893540335516718,1.0249695347613788,0.43101851594307267,-0.2021714333559922,1.2548014564335033,0.8186467348952093,0.3059452214983285,1.0021043620476682,0.39
-1.2444334376090151,1.0455326626755816,-0.3076260621439937,0.848258819678698,-1.0673987426481906,1.0519863773063411,-1.1781778197193733,0.767078472439684,1.0004223749345074,0.14
0.8346789628508939,0.13163878221981506,-0.1621721476652742,0.9631607417744315,1.0341907521218099,0.015775136341422448,-1.2469815870920269,0.8403791289597056,1.0004190097692143,0.11
-0.6328352115533067,0.8217303913742859,0.4703387130953116,0.5844572125596204,-0.3365540342751597,0.6933514744646848,0.0031423194873549335,0.5426960926390689,1.0027277752706136,0.34
1.0237864915105037,-0.5277790303004131,-0.1866129785629218,0.7964934270511159,1.1093474602215359,-0.33262416013297164,-1.2619150710265934,0.7598134779146029,1.0002428687852578,0.09
0.11446618136435749,1.3830577526968293,-1.022605630329703,0.6814372406141733,0.1409939418573103,1.382263412198825,-1.9834385182308465,0.6315598850987868,1.0000207507551973,0.0
-1.20522107720305,0.24586146357430572,-1.0389423371292812,0.7710159591937429,-1.0194057625662956,0.23435235582049393,-1.9242430367854162,0.7163387570135573,1.0003111716034747,0.1
0.5502800464661926,0.26240638949942063,0.16089605229781845,0.5593819114898404,0.4500287268695622,0.25501888322941463,-0.36045897163180135,0.4405000206454629,1.001820676579365,0.18
-1.0277237876245588,0.547497564714126,-0.8230456035676847,0.5077946348722693,-0.5576780553932091,0.4259988922615922,-1.5045716194641474,0.4542246190960065,1.0012393215013426,0.04
0.7631558727755601,1.2530202766603704,-0.5856882485044002,0.9660302751627852,0.9216412999578195,1.895622050451031,-1.9183856131321722,0.8378370690544369,1.0017610207630157,0.0
-1.1446910005073094,1.117630596297782,0.7335088581735114,0.7762306018022349,-1.0402317943217176,1.1254788224512569,0.4192832619678086,0.5595016243691666,1.000060105943841,0.42
0.13270367351174217,-0.9984940262488595,1.3413244811346,0.8447088194460795,1.0441403009806223,0.3213634934477433,1.2762721235550782,0.32668780621353666,1.0010779375808307,0.75
1.3011218023716742,-0.34119875248372744,0.9058588956054088,0.7177719923285077,1.2164079351855648,0.013799836170492366,0.5436104610072725,0.5487417339197843,1.0003273954154204,0.38
-1.3077680766369282,-0.43938309899611716,1.3176261612427589,0.9790042920301043,0.7931263194154303,0.8200748894407054,1.2945570612016475,0.2525789990162385,1.0012311697968064,0.84
0.08135049481264756,0.9712009577783403,-1.2439442840116026,0.9280481985295652,-0.31515965284670766,0.9047451220103494,-2.6541213077938473,0.949410077703747,0.9998634808454526,0.02
0.473568059018157,0.529165392516143,1.3405908767059316,0.8240607244172367,0.9910555473023626,0.631428798802608,1.09143881989298,0.5682940971688178,1.0010368729146755,0.56
0.18289718531289711,1.2393119159944455,1.1674889915350177,0.7852545333764027,0.48495343373263666,1.3440325245239517,0.7818405797910623,0.5134685824402234,0.99979349100866,0.37
-0.41538640108408886,1.3147063985747098,-1.0122653274356268,0.30370362800811596,-0.5159709948695101,1.2908062463235113,-1.2866497764170315,0.3171539667110053,1.0016353269023812,0.0
-0.45684746681410826,1.229377631071924,-1.1989847006705991,0.46974815986947366,-0.34726660534111614,1.3651091945410658,-1.6035724232113475,0.47159275926913796,1.0008400713675605,0.0
-0.7025535162353418,-1.1853761099111355,-0.1991043177336127,0.33823987837582525,-0.32832280561703997,-0.49379510382032626,-0.21228218061020995,0.11262304933353719,1.0026337333718782,0.79
1.4768560205635133,0.6993942548452137,1.3813398448792578,0.6188471342202699,1.4109484625892486,1.0880804783092553,0.8292011263550815,0.5908627781272922,1.000542699102351,0.31
-0.09349451787424634,-1.4210584528627435,0.1905564290802355,0.4466672351672823,0.18362147689132577,-1.4060221562825306,0.11564809187260791,0.25685919931114976,1.0022685923887324,0.62
0.47270467587356824,0.2533087531711127,1.4919478449425219,0.48832717669580844,0.9764496212355105,0.8930406825355788,1.452410453627053,0.26555597880153875,1.0010721114788828,0.83
-0.6453427906055051,1.494795525142795,-1.4935896508811195,0.8367224758226328,-0.6244015975649988,1.3464736054183253,-2.453079248264684,0.7441770409014921,1.000948216480123,0.0
1.1449196661377643,-1.0672704280959429,0.4174071946684883,0.30441549524353506,1.1040569432414695,-1.1037731175675807,0.04889036377728301,0.28054751422621577,1.0013520802652913,0.1
1.4829265190000305,-1.2177471933670108,1.1489513408353993,0.9177286399706972,1.4757129012848864,-0.8611353336258716,0.8408960989517325,0.5767145042623731,1.0016869032188438,0.45
-0.32739602440205706,-1.3389151856171055,1.0720695819114932,0.9261065426098907,0.5950441025030616,0.4987303961887118,1.0471002159115523,0.24655920568094886,1.0013556505175532,0.85
0.10679447592960445,-0.10819042881888241,-0.6628914890078466,0.9162299826091527,0.3963876437079459,-0.283455677659387,-1.8739268792608648,0.8040311897453433,1.0011300663571006,0.08
-0.39204759999610883,-0.15477749082325376,0.7335222162194825,0.83875305725684,0.3114491548783195,0.34034545111619424,0.5395122900712633,0.42394569914273417,1.000875020269384,0.56
-1.2791698055681302,0.18963752795197508,1.4740406499770686,0.3143785431792347,-0.16877588314357397,1.4163025463471846,1.473468715048714,0.024222702453829608,1.0035820656050725,0.96
0.06031861572434938,-1.3773886170449856,0.7357857387745561,0.6865780345307424,0.7023666739689179,0.08180942767607377,0.6438398361651235,0.26480622556699984,1.001220091692865,0.59
-0.6525302066999701,-1.2172828802770272,-0.33467090820960776,0.46925834313645637,-0.5236849646780013,-1.0133844433517403,-0.4347362361272959,0.34871205655971665,1.0002927438266294,0.64
-0.6870595041136374,1.05570410969068,0.27956710163947474,0.9590380392703708,-0.2919379675817553,1.0541519604026315,-0.30266157655220627,0.6282632711293712,1.00002677500811,0.22
-0.7523252305608463,-0.5102966743052508,-0.06642212674961456,0.33516809511251894,-0.4352742505224636,-0.2562913541664427,-0.09739055221670709,0.1649414662925749,1.0008132515255443,0.75
0.3698202686180645,0.7637387925432995,1.2955698787924694,0.35133906698438444,1.0157385553611606,1.1211697042310311,1.2786908434895459,0.11884819545731287,1.0007844140534148,0.8
1.4638880905694922,0.7751533981722307,-1.3255956281387875,0.4513672952873185,1.5408754776966154,0.8762582212534319,-1.082022080154898,0.3846294536239095,1.0012406421734161,0.0
-0.17575543420485507,-0.6865774949291041,-0.815833242148879,0.8139287973292435,-0.2674805053559682,-0.5928157230695372,-1.7892064137627768,0.859966586122426,1.0006666875852885,0.17
-0.5401608866255612,-1.451248498614364,-0.3322329252985323,0.8015368018093736,-0.3190347459134959,-1.2029797603485213,-0.6243819275526901,0.5392045430474025,1.0014776241173038,0.47
0.22201958332865157,0.10165133533265225,1.4134580241481416,0.5957702481272096,1.0511014917404946,1.0079595544407798,1.369065356929797,0.25715000802440563,1.0031272603588213,0.74
1.424589730113209,0.4527237779189073,-0.27277047361204,0.6116748125487793,1.4332657666432875,0.4878774492223703,-1.3347314853602539,0.6150886041949573,1.0021037756183346,0.02
-0.9046478262706508,0.37292293524481557,0.5358877740666088,0.9608274342308807,-0.48502424245174197,0.6589630108115004,-0.13800659845493785,0.8951655397426578,1.0013567985629563,0.38
0.19326524735120598,-0.8331810036790119,0.6221987680779417,0.8087777510930778,0.6408192284877803,-0.21277567495216604,0.39348593572828616,0.4968871864170248,1.0014387436785872,0.5
-0.27377630027166067,-1.4146171802055822,0.6223669092939943,0.31967746477554815,0.494800865971221,-0.591818931738843,0.6214941017475438,0.06640357658878267,1.0030435637547783,0.94
-1.423273656697557,-0.5781542378753046,-0.10751890498779337,0.5428738752901799,-0.9709365914940705,-0.07894443499815541,-0.31277604082527394,0.39000601773298615,1.0010863606394453,0.49
-0.5944814101735609,0.1118157687826613,-0.4458868387662087,0.5415374461648039,-0.6867519294859754,0.23052485639914633,-1.2330367410138543,0.5348537120493395,1.001084832955205,0.12
-1.1921934348699357,1.418028918718369,0.2270179877623093,0.8425852268590202,-1.5194883287085161,1.5823021515640898,-0.5511894903777171,0.7682946288982414,1.0003950610672578,0.18
1.0181714367356154,0.8343990857400869,1.317060766504409,0.6755585680311684,0.948175208136563,1.131217257753315,0.9800055431727924,0.4983008659590208,1.0009055867443972,0.43
-0.2466755401574301,1.2551774152755693,-0.5641149392470659,0.40605203481294794,0.016108563038539594,1.2550897321477623,-1.1693953093597802,0.42083162002720703,1.000420618350269,0.01
-0.4179596179484879,-0.5379244727399293,-0.7189574809432759,0.9842020738753501,-0.1406299478856651,-0.3761718031413853,-1.4512100656927092,0.7802362219287816,1.0017122518385153,0.19
-1.0813482947676278,-0.7008037658986304,1.3516450627925405,0.7205253726209826,1.220668320901462,1.1746802546091106,1.3499710770679305,0.05269291422857138,1.0026521744723116,0.94
-1.1400753951806983,0.49023247888704713,0.9325339563088932,0.6756752976142568,0.31906442737614255,0.7326430246943444,0.862750726504209,0.2822471704753566,1.0016131370181027,0.68
0.8338516461498413,1.160870572646938,-0.346316961150392,0.7214093551973952,1.0322169562522059,0.7894279623934973,-2.3446670826428826,0.8135466182989347,1.0000221193173646,0.0
-1.2392943800713643,0.5601314388693082,-1.116127752354941,0.8157140378400276,-1.3614733977687736,0.6674004220465994,-2.1671632814301924,0.7289799037229082,0.9998101616706413,0.05
0.8803514170798836,0.7385465811469762,0.9855890140286387,0.37724433981663746,1.0112053887811903,0.6940493837912023,0.7404330696412482,0.3185498861048173,1.001563058022974,0.37
0.6428919977070442,-0.7317231275163927,0.1994833268898668,0.48043063614988707,0.6895542593987707,-0.37585440448334206,-0.23208934702780204,0.39536460876419915,1.000896063189134,0.2
-0.9383205136597694,0.8629269790106138,-0.3017820601729382,0.6669071571256338,-0.518337494493494,0.688129994371757,-1.0220103617797929,0.5738065289280416,0.999562553190089,0.12
0.5599285205796081,-0.3625727268382317,-1.1000308248997361,0.30499426089213016,0.6313142514548301,-0.41896224639337815,-1.6298701397636584,0.3110290709697232,1.000444030484104,0.0
0.7482921354471026,0.6929956576301146,-0.10295500811773617,0.4227444907048294,0.782651547304688,0.7758022937417058,-1.3724399692208413,0.3838368818543893,1.0021383338519467,0.0
0.8494031506480333,-0.3222443861276145,-0.6423942808616496,0.7579525811986437,0.7434864265100266,-0.2562155746364525,-1.7971573809606334,0.6808833417282799,1.0009143752239271,0.04
0.7734575871353915,0.3305889544116669,0.2596085123353773,0.4897708579368845,0.850837270395175,0.4519606950916712,-0.4078510667490029,0.4707608438911563,1.000768568448667,0.11
1.4329169630162921,0.030612357696009784,0.34186828172900063,0.47927349694891525,1.4996884916059838,0.11508048696929424,-0.43983263537271755,0.45768465717971424,1.0007766282024428,0.05
0.17337169101997274,-1.1241609854336159,-0.7928184213516747,0.6312007605768051,0.22493233653016056,-0.9888578106571638,-1.6230933145459565,0.5747133975088882,1.0007768728128614,0.09
-1.3419525331856403,-0.7745708755992908,1.2539099721492781,0.8588178945009595,0.5348731693266827,0.6488086275908514,1.224155602960591,0.28764442579187266,1.0003915784643118,0.87
0.08437189219740793,1.2518772128678002,-0.8758305812076623,0.3666330547863722,0.2720813434301282,1.2566031357533063,-1.292585608992315,0.3561238858547029,1.0008687603114972,0.0
-0.5691961223065909,-0.5635618268630598,0.9711202934953924,0.7264586440156693,0.35420881348397554,-0.038171299470100915,0.8598552604256979,0.43829943834395296,1.0005599982633744,0.76
-0.7967162770990588,-0.6556397839688157,1.2260495670033453,0.8923029912620759,0.5087278620587733,0.38849952631577067,1.1765502896852198,0.4018320821492831,1.0023640561077205,0.82
-0.19651263776926742,0.22880737259658335,-0.991502364743557,0.7397597392016524,-0.047168238529917965,0.21573720742817046,-2.2037122856034155,0.6511860131440037,1.0000097461404034,0.02
0.37847527139105175,0.2613261023913176,1.197150172759451,0.4565784477109994,0.8112420631920079,0.708845108379127,1.1193305416815944,0.2856875172817914,1.0025030319248804,0.71
-0.06669423307653854,0.6745233589899073,-0.39710216715726054,0.5295972681100329,0.02181728152195057,0.7073127976039945,-1.380364489778575,0.5066212349189201,1.0006506832481048,0.03
0.2571716097590355,0.7378211492662716,-0.9448526356111542,0.45881444573877694,0.29792236179623705,0.7559476344128538,-1.5583113529408423,0.4702880812244347,1.0006315432692627,0.01
-0.17175612715116384,-0.824498401902225,-0.04929001770476815,0.43621688331426134,-0.015569859863781964,-0.4988683819632363,-0.26953260833220155,0.3621150774462177,1.0009399138044022,0.43
0.7096299481531148,0.23739699741781628,1.0850566419515308,0.5817864245653517,0.9449986411470711,0.7591026405882381,0.9186544077023157,0.3449914389817592,1.0003736986852507,0.5
-0.2116803112807757,-0.4467768603335318,-0.49757798317143487,0.35975044396729067,-0.29110621495196115,-0.6166289862232911,-0.8093116394599649,0.34506256892190346,1.001478606053504,0.26
-0.14794254693150566,1.1315518911996985,1.0677305423530035,0.43741977808541443,0.1161118542667434,1.1269152102632303,0.9406928375514877,0.29280605565431633,1.0012865401283866,0.52
1.2788479827852948,-0.46586521278798965,1.2743468739244355,0.5234531938452114,1.421812376639233,-0.02210854557654157,1.0816688829270504,0.3941755115360156,1.0010394162231597,0.49
-1.3518462541738774,1.3625039771475524,1.1241467571206853,0.8503589233875573,-0.1449676704039642,1.462375416143029,0.7060248012391671,0.6507163886631868,1.003201075791125,0.4
-0.5700531020346813,-0.18346494650952017,0.6332105515487649,0.35433071720438913,0.16661906445173152,0.4671074874462298,0.6245290518547632,0.1127866998374806,1.0010849584461512,0.87
1.4927601565933228,0.33217184820257084,0.8670323962661399,0.9005750380420647,1.6171624670784137,0.4234300079544694,0.13399048578394865,0.7095320999500214,1.0008052462508261,0.21
0.3834047933597362,0.8314380100332617,-0.671742262627423,0.9935312886003969,0.6763804225136893,0.7763295918188052,-1.7905274704574112,0.7999630692537583,1.0005880722050842,0.04
-0.7132546409884779,-1.4699717317539727,-0.3547818566380794,0.932412901539525,-0.3188374518425527,-1.3708998748697154,-0.8269578595915671,0.8046703531737053,1.0008610878258366,0.44
-1.4332809789572978,0.39170096760538864,0.6037615068065234,0.4106084402230847,-1.0827081636930664,0.5773262607290341,0.5219510027349259,0.25160665729579174,1.0017115231947062,0.62
-0.5949461025684113,0.7010497675440113,0.2754610832322293,0.418615510803516,-0.365644133728822,0.8348383304846899,-0.14707548034008489,0.37124623575104315,1.0022172092378059,0.18
-0.25768286754390046,-1.0474756459387076,0.43468061692952675,0.5211923465122896,0.13159671610650797,-0.314816435295956,0.37070947765665685,0.32660723084075266,1.001066340421896,0.73
0.37091944144370004,1.0369514807376605,0.4163308108917394,0.7893896642866651,0.4641920710736373,1.4754746656203281,-0.5190598719132545,0.7005472423349807,1.0008906720754471,0.11
1.338109855403537,0.042119441245861866,0.6740571495303551,0.9890882534231553,1.360946764928401,-0.007172357073144679,-0.5542319986036627,1.0728168842971926,1.0008565214787426,0.21
0.15914661106998684,-0.938586503017409,0.2845560231937727,0.4173015977909732,0.30709457123304035,-0.37988635195128406,0.18207843993196793,0.25288701329265656,1.0033031765292948,0.54
-0.9645026293303585,0.2914337801652256,-0.7820846235471148,0.69939863553317,-0.960205612397112,0.24094265015275143,-1.703694491198926,0.686598131127811,1.0000296628776586,0.11
0.6832459252755756,0.035263923574731626,-0.6807403139171728,0.9512930076972947,0.5752754805274096,0.22996121305318104,-1.728545498659375,0.8107254499119099,1.00037395514367,0.07
0.019532195400308927,1.1515990928990254,-1.022086252059985,0.3887632285567248,0.008511323667133043,1.1368838776974728,-1.4323481242907843,0.37341819393586057,1.0001093393865517,0.0
1.097210826907805,0.5709352243019179,-1.0926120606530705,0.8845066982632512,0.8022061456775454,0.7653479850477126,-2.4992125988895557,0.8728703860006314,1.0009877575756418,0.0
1.2248823403053923,1.4854911239532482,0.2635379917451861,0.3339410684050689,1.3432873431693912,1.4474277913710099,-0.9455387950352825,0.3821478853734246,1.0008945706624368,0.0
-1.0216075443819652,-0.34322276629383097,1.196979672496699,0.5091972574615617,0.5575654645861694,0.8746251018113336,1.1892618702715645,0.15479782773940848,1.0004035696977067,0.92
-0.1249547172026737,1.2361771333456426,1.2649674102558182,0.506459803184302,0.5033651439458837,1.404299285905668,1.0744090681910996,0.33427404485747864,1.0007163598424638,0.44
-0.32189923892428474,-0.6735460939871436,1.20660586723222,0.4252330333910625,1.1432918984095366,-0.24581638644278742,1.2064427262807493,0.022777942626829858,1.001678981651254,0.98
-0.6411314606044136,-1.2392954102996596,0.12140093465658208,0.3552372128431485,-0.03223492804531222,-0.315454640508922,0.11399110095627753,0.10288629309187201,1.0008137797880865,0.87
-0.3815586688385466,-0.4820216846616392,1.4822832456256614,0.9225139907415185,0.7119922165412769,0.8410510153973622,1.4385187078205872,0.3852115471865849,1.00082169827653,0.81
-1.1996638101343362,1.369477924100602,1.4162042898095057,0.3081286336303596,0.6745908272373311,1.439860427692298,1.346509220115833,0.17670630751565516,1.001748693927106,0.56
-0.15282778680130038,-0.869922465479706,-0.8690596781091227,0.7241803139292604,-0.14273756685827466,-0.6261252468480518,-1.885271391501266,0.6169075484168867,1.000207995896227,0.08
0.3405889000201845,0.7871159502541314,-1.3460463211926905,0.665369158626488,0.3148492105637213,0.8014624603036614,-2.467197343123329,0.7282500230924517,1.0005476687595618,0.0
0.3970070998268074,-0.6131526998458017,-1.2867161712580102,0.9049236502627784,0.20227010035755214,-0.35214571192822824,-2.63592024234426,0.9028485939519917,0.9998111691900469,0.04
1.124971026081571,-0.005920680841552617,-0.8733728122346414,0.9955804532599701,1.257929677969876,-0.38800344026731687,-2.133913012961938,1.0420575747708818,1.0019935563878153,0.06
0.04510827206578605,0.5444951086289915,-0.7901787017264794,0.6441093974072791,0.0752012585329341,0.5113829195932601,-1.9159741117540903,0.5611526015734123,1.0013185691840472,0.01
1.1847880545061673,0.8746716580746225,0.04025815000749544,0.6549526394576046,1.2977051062529221,0.9402115050340786,-1.6248309319137337,0.5747220181257603,1.0007340391724415,0.0
-0.29173899993007457,1.2849261937026482,-0.1059066585382491,0.32660996860341296,-0.3852784934995087,1.2739075619421791,-0.5431148195073413,0.33785904876099865,0.9999640011889376,0.03
-0.7086909504470749,-0.7199817780779361,0.8198833330648112,0.40175856146016276,0.7364484972767614,0.719120222712355,0.8197925415583014,0.031853445239107527,1.001838950650804,0.95
0.9885575895411352,0.6402551483441545,0.8591462594130483,0.6429998713135662,1.224089772430427,0.5596810627363309,0.30185546777584665,0.6109078388758693,1.000520466867565,0.27
1.2486400811594844,1.493187429527528,1.319415384234489,0.6540802969598032,1.2256687056203348,1.5616358609862842,0.6497237468451794,0.6317987781215548,1.0003615497495852,0.24
0.15090739877695247,-0.7555808551849694,-0.6899430514942995,0.8978074993306222,0.34568254220094696,-0.5012727215476552,-1.8045849693219762,0.8547639024193209,1.0005447854320855,0.11
0.41585367361910475,-1.1543994149971692,0.37936081441699776,0.6109156599435788,0.5295023882387234,-0.7414449146574912,0.05943017922004199,0.5635125928645116,1.001693336017527,0.45
0.962331511887482,-0.5049112008379155,-0.8278110522911797,0.5681476403452738,1.057024831565218,-0.6342269448009671,-2.1546132900199875,0.6544412790617518,1.0010362681364438,0.01
1.2287358080048474,-0.034463848823301335,-0.8115950311609144,0.9323668344767242,1.4390162457510127,-0.4647170906605597,-2.0520451658842487,0.929769698765022,1.0002106394840369,0.04
-0.31633948197470607,0.9689072069568838,1.4522694933319453,0.7943955192784204,0.7251878069377055,1.199447029172202,1.2477487963308205,0.5218364348957335,1.00034379191151,0.57
0.8994826184239386,-1.1271948561724698,-1.1091808227641131,0.7440319006145457,1.0235905959561313,-1.0643311493399266,-2.4585254447590623,0.7967908402092869,1.0002138496278874,0.02
-0.7717305278747117,-1.2834678028808844,-0.2897278725024348,0.7977862178789582,-0.3235027018299853,-0.7879772604210454,-0.5717047810790743,0.5189603908707773,1.000514878792651,0.45
-0.0881726173100208,0.46856396367840025,-0.9033837220251011,0.8133220304452002,-0.20121825063540125,0.49363697014594365,-1.9815080496744832,0.6869922023160672,1.0005336067216306,0.04
0.03628892183640087,-1.4274139359795064,-0.22289404219694786,0.6020992953054431,0.10055543843753759,-1.0658748916598393,-0.6609438965688577,0.5218034584576963,1.0012041275204335,0.32
0.4327814597347619,0.403022946904692,-1.4492659043952347,0.7056696879031032,0.39072160304830067,0.4806743560004589,-2.526900047967315,0.7154212603463782,1.0006064152412628,0.0
0.5749529447581283,-0.8346176634688636,1.464758813580338,0.9573965465917489,1.0731960459598593,-0.4828188218090394,1.2663187642730775,0.6846946611570534,1.0014098040870596,0.68
1.2315413503685573,-1.3692447907243632,0.9413871993894176,0.4038971805766856,1.2567114836371776,-1.0726600476985113,0.7384844738770197,0.3518926164881845,1.0008379881434795,0.4
0.6078383926507769,-1.3913973534375395,0.772939627342498,0.8460080844557947,0.9525498885228599,-0.6936173838921368,0.5336291923445764,0.504090844907535,1.0013818570667732,0.49
-1.2280670311814148,-1.2852171416304847,-1.4924390957789924,0.7153424187815752,-0.9931002303294856,-1.2564532445385326,-2.473810950133501,0.7253676079559318,1.0009900411716628,0.13
-1.1031460603362988,0.2963681980557946,0.9122861795207893,0.6910138593067283,-0.19236858237759163,0.6225559585356247,0.7692552081712081,0.408213671011564,1.0002556416929171,0.65
0.05195976866632446,-1.079333139314848,-1.1289759106336206,0.5368279447486777,-0.16747224872368377,-1.2648297507788933,-1.6471115053256342,0.47698858336334193,1.0000148844861014,0.12
1.1122216367557978,-0.8089252705760013,-1.0988611118672662,0.8072554605894686,1.286694468909813,-0.42933484330650906,-2.4916820988301183,0.7695552487125744,1.0007600154064997,0.0
-1.2702449621156573,1.0464236563814229,0.9295013717887892,0.7846327430407054,-0.5150588425481517,1.1918781835145578,0.5826996561139008,0.593863936459615,1.0010267481825625,0.44
0.4109845852591716,1.0752910184473796,0.6010683673115631,0.8741360442444472,0.47430618203835934,0.9528618304219227,-0.22015354795404593,0.7829047174202072,1.0007780995054394,0.23
-0.4800520775767987,0.8769206946294625,-0.09468413786739016,0.3551356790606932,-0.7199809364235471,0.8052091779239294,-0.6481503489150656,0.3794973072296017,1.0003335231620123,0.08
1.2873840544395883,-0.006343740431761891,1.122412122275005,0.5160865692585167,1.4571283858469826,0.2445349983196007,0.8084548282009103,0.3840798703256347,1.0004432716567555,0.32
-0.21975836037168106,0.9010778401977442,1.453465412787144,0.6398143452999436,0.3268126326005371,1.2321969496946559,1.3507328483121788,0.37192866129609364,1.0013138205730134,0.68
-0.6427968114961629,1.2601474561057469,0.6075611561572245,0.6281718043484105,-0.07593866793187405,1.1836445649604737,0.13559481979056143,0.47521504634907236,1.0002214642050318,0.23
-1.046268796240705,-1.0170246225899955,0.14953829544014385,0.44162303651050117,-0.35421976376668496,-0.09022187546859567,0.13937802613987224,0.17249578014318392,1.000748311201518,0.85
0.4143735171754104,-1.3801597774293657,-0.5725077675823875,0.6325687819452063,0.5239795891216615,-1.4009124843208802,-1.2015182803145212,0.5658330518557215,1.0009887036518907,0.14
-1.4693680937439675,-1.0720998246862556,-0.6243923608839328,0.7385545425165932,-1.2309444896439976,-0.9648167312156495,-0.8517416938131082,0.5085515892285988,1.0011738900349874,0.55
-0.8510472607294108,-0.0827601164107723,1.220777476162752,0.431220344785609,0.6726019777412975,0.9131265695527874,1.2162186939606523,0.1528256316551883,1.000211702194608,0.92
-0.33488720441062303,-0.19109075607101267,-1.1321680404018633,0.8172266939219739,-0.4059944799928935,0.036641622614899644,-2.380267966190519,0.736541544053108,1.0013346583278404,0.04
-0.6312973419172472,-1.0627294854966078,0.6211137530664952,0.6301854025643734,0.21013529930621883,-0.07796986483504457,0.5817024771273653,0.2930247594171384,1.0007638859074124,0.8
-0.5121816749434027,0.6009097788704203,-0.042435164212258014,0.7629948577036273,-0.36033406761098613,0.5311396935476967,-0.5837352791190406,0.6080298577610967,1.0001127788993376,0.24
-1.2201541360263466,0.3790012747183644,-1.138238775812985,0.7082660581899007,-1.0310259271921496,0.30663048313970287,-2.1772251057853227,0.6250451391437281,1.000177714478388,0.04
-0.5709441691552257,1.408929981996692,1.2598679301758695,0.9126020673257527,0.022607950078466693,1.5449449510283295,0.9027990306159607,0.5562944583886809,1.0014299487583123,0.41
0.24772005284387277,0.20440430172997037,0.004809074672501579,0.41083205929478145,0.21854917600283455,0.21098669086400548,-0.5897456824054684,0.3866221807646502,1.0007253720832265,0.12
-1.3998828014491063,-1.480129937555564,1.3401952682723266,0.6253436259841922,1.2661834941794732,-0.2552057574587877,1.3400892645737228,0.024208138167876286,1.0021413833215556,0.99
-0.8237440386094417,1.0320407428846545,0.004559524104281731,0.6153575013695043,-0.6408370896825736,1.1814797353552058,-0.8010002735034238,0.619592965749832,1.0013015380476613,0.11
0.7438310959315397,0.64022524862601,-0.803550839054874,0.33827732554020057,0.8027124210957199,0.6554042422493437,-1.329191033619757,0.33299014025536167,1.0011492809614042,0.0
0.7888725337472775,1.3911288973099918,0.9594174561145401,0.6093280223123021,0.625700865500043,1.176032582367089,0.26198496373728447,0.661632175323532,1.0008046520094191,0.26
1.2101297342791133,-0.05355937992842308,-1.4343574565948405,0.7062046113077678,1.388888146091125,-0.3658041358284616,-2.297734735880676,0.7265488856129497,1.0009358139814006,0.0
0.6669605694252851,-1.1873183691990123,0.15772985152436103,0.9138362874770449,0.7107650828404867,-0.8301017657760462,-0.3173724702178007,0.6779422240108851,1.0005011867339029,0.33
0.21837947225797372,1.1539876809849403,-0.33468706887011956,0.5736816031229341,0.29271724516173947,1.158055756208693,-1.5672784415515493,0.5759519299023463,1.000047984270178,0.01
1.0778677833371724,-0.7376190510876015,1.458283177339637,0.4539168444693027,1.3871694742811556,-0.5353232783470878,1.4075513238651942,0.22901535752653854,1.000826767320459,0.69
-0.076817808350236,0.9250754645555599,-0.3314917715037591,0.7312373362557032,0.006584189396884113,0.884519217486835,-1.5739449530341512,0.7574733712194264,1.000680936613691,0.06
0.7384698293912586,-0.09705791216776327,0.9117692963886794,0.8075694410959382,0.9718257006546632,0.1938195903927868,0.5250441089327185,0.6000989060338926,1.0014253635632,0.42
0.7744389662299103,-0.4984221450043973,-0.13423617791446274,0.9703237243665113,0.7824031385457672,-1.0379843605300534,-1.0953592735752717,0.9483074181882409,1.0005339599215521,0.22
-1.1136370209947044,1.188334203573579,-0.8634757914217182,0.7963499351994079,-1.20051843963944,1.1800948848269135,-1.8796285406897144,0.722236703149312,1.0017643471068272,0.04
0.557097627013782,0.7074349373033644,-0.2416313101495291,0.6328015193526549,0.7054155514164511,0.7696894039441606,-1.167112295492273,0.5704302614189459,1.0009148742805207,0.04
-0.5823136314045589,-0.49797085060760193,-0.23683491691158798,0.8260473026998258,-0.6808053561564782,-0.22536727187072403,-0.8334189032697739,0.7727983071025044,1.000627044459616,0.35
0.14928040669401454,0.36704396758078706,0.7169477932492123,0.4778273450459709,0.5965632900936338,0.5305930460269419,0.5829083966705214,0.26049015722872687,1.0013551605439655,0.48
-0.05332275126651953,-1.2172880418283836,-1.3449114339685058,0.9913804838614158,0.27771797669585935,-0.9005689998250086,-2.5340004386416712,0.7754494138650369,1.0002663701866032,0.04
1.4173845620239431,1.1724514741950527,-1.2388191094452703,0.3710739728904593,1.3502236142447255,1.1326596309034866,-0.9505200674571005,0.3555659468432613,1.001879940664839,0.0
-1.238600876203881,-0.6460319266829595,-1.4825064853443435,0.7607928494157321,-0.9913924973031136,-0.5434036713299919,-2.2161328489868835,0.6279278449496545,1.0011670287275445,0.1
0.7988589580087053,1.4961954537123008,1.119671129103328,0.5741785264399253,0.8195922393466296,1.3924442807025765,0.6681524056496464,0.4702360928304513,1.0010399995291595,0.27
0.8040372601348853,0.9070243938310796,-1.2730207184311304,0.6840779502277416,0.8484995732199055,0.96438181825804,-1.8938355589408997,0.6112905189944497,1.000421391537117,0.0
0.06094985715211876,-0.47190113193918504,-0.7998615097989508,0.6365766436229849,-0.12812814970148798,-0.2222201371675135,-1.411414245760474,0.48230296242420945,1.000928915694582,0.09
0.9262626317171261,1.4920784880047613,-0.7017216479661137,0.9225734486827106,1.0218565486918652,1.4532202930560414,-1.8556500771673285,1.0235424639650648,1.000195515771617,0.04
-0.3505103602923241,-0.20243722618124993,0.8990330483552276,0.38894955027480965,0.8017754360995478,0.8269892794987984,0.8983120606407585,0.029264730969725497,1.0010751929207156,0.94
0.7989924042484304,-0.9026145224229734,1.2990781917145013,0.6018188249070502,1.093723511816771,0.4392523878110719,1.21872718277888,0.3030104127235687,1.0001385863912524,0.7
0.10973813118267994,-0.37755880534332587,-0.19558206456835925,0.6432471676817204,0.18321440687527446,-0.38993274273429424,-0.9531084906593544,0.6127209805785149,1.0008151352031545,0.19
0.11254459983568688,1.438620197468465,-0.8697032953937047,0.8875569894518387,0.1422800954641657,1.6181426043267242,-2.0333043484256446,0.9402483718985484,1.0004173004481556,0.03
0.3905571467241997,-1.3240990205737546,-0.22695352840041116,0.9187500151723433,0.17513801239218732,-0.9334574507809235,-0.8478326543347076,0.8494827490508362,1.0004919587400551,0.33
0.09652149038307245,0.18607330603180294,-1.1790565110887699,0.4912083675723112,0.06810157867108838,0.06209743107226034,-2.0478063688297525,0.5114845147844755,1.0010392331179954,0.01
1.0327750549070744,-1.2126979815159824,1.3318162840044705,0.7632287649416858,1.084444917934849,-0.09709879199061001,1.1955616680411907,0.4798460883779738,1.0003936394954493,0.67
-0.9775674231448088,-0.07383580938656586,1.274180714366115,0.48704294333978415,0.8706227627134788,0.9551745986603116,1.268570005604662,0.1429068194964754,1.0004347089936734,0.91
-0.8919460040551304,-0.8356025173206578,0.9919523075080248,0.512056644217276,0.6826383764068098,0.49698597146304097,0.9908355036307869,0.12385119279269842,1.0002973854121773,0.96
-0.34322947381699254,1.3502681588639378,0.12565854601266135,0.9065105843001018,-0.3747776120722224,1.4118608665104844,-0.9272814107467602,0.9122433477950422,1.0002829709135792,0.15
0.9898501984118089,-1.1457156779838535,0.774382686951113,0.600230557574841,0.9714762673691523,-0.5024609072330476,0.5451551730932278,0.4124357864812837,1.0003594131365594,0.45
0.40660738920483785,-0.45053528267044163,0.8673403328690918,0.6561579455843206,0.7142816553286271,-0.015862930456125763,0.7512771729565682,0.42849690717214794,1.0005215360688797,0.63
-1.2797025333845191,-0.6500656608191835,-0.09727403076684538,0.5043739230582694,-1.2677425817058592,-0.13529277012350832,-0.19290683705792763,0.3032103621627704,1.0035120931542822,0.62
-0.23788055182701173,-1.4537563088997294,-0.46368490758343506,0.4401177861566794,-0.13133443909848225,-1.1264517289191498,-0.771657771074705,0.3563184359217114,1.0008028922426484,0.29
0.7506464181942056,-0.9636415512739873,-0.8589534777205938,0.32127789247266275,0.7598445533508852,-0.5772104247875018,-1.5643138149792888,0.31625947306903235,1.0021322929439975,0.0
0.25255580489824525,-1.4129743001658661,0.7155823152849514,0.5421491546565088,0.559391528950247,-0.31221747778725895,0.6747097058939133,0.26191439439429803,1.0013341334709154,0.74
0.05002559496283365,-0.13597846450432094,-0.10704942138729412,0.6625042373530845,0.1366444762660616,-0.10200385617315352,-0.6807499023814055,0.5412159584098647,1.0012785708772514,0.22
1.362017209329549,-1.1613289385812133,1.0826544702511955,0.39490050334838067,1.4587474824814592,-0.8629983015353551,0.8530438500400783,0.3138468100605307,1.0002470751673411,0.32
0.8114795202709746,-1.063982432609168,-1.1845611016490805,0.568509247497383,0.9158114980926821,-0.9255405171638544,-2.285859618793922,0.5594879080027788,1.0006647943771296,0.0
-0.4615162806947082,-0.9761707452489581,-0.9049822048080596,0.37759208919978626,-0.4209717934314864,-0.8725693553028069,-1.48112473412156,0.32115777676217816,1.0005567715119852,0.07
-0.17064911650242043,1.0175910899741885,1.145210910507759,0.3550214789511804,0.42666043125075287,1.0529341113798436,1.068439979462649,0.213032301742153,1.0015802847931163,0.64
1.2220523374096435,-0.5553174647111327,-0.29680755583574303,0.6447274823379789,1.1422301896002212,-0.2879236558444361,-1.3874139853723741,0.7001944597555412,1.000774670923718,0.06
0.8091832148479989,-1.4083196108166034,0.6529601891177332,0.35799141869718676,0.8611004265743547,-1.0497987226003256,0.4875707909358491,0.2661218550272456,1.0012776576659,0.4
1.2581881749736947,-1.4269044036927292,0.9193491156061069,0.43336218918820363,1.4243108897479047,-1.049625147958421,0.6156776195285403,0.349031779217246,1.001175054864977,0.26
0.14911481295047313,-1.4894216435280043,-1.2030273407614342,0.7973955490507726,0.20296250139688793,-1.296524218603697,-2.166878246527609,0.6635230234240166,1.0011476200558438,0.06
0.7867903265192329,1.144890649375946,1.052118886215121,0.48058070867173586,0.8155947778382335,1.1129453518713937,0.7321745056575173,0.3766824093266863,1.001702684241179,0.33
1.4269070352432704,-1.0557782826478976,0.7776533783879263,0.8396195480652486,1.536043610071272,-0.9019299429692014,0.28883176724326004,0.6170938969247609,1.0008286733214147,0.29
-0.708109479228622,1.4182026846359221,0.17444726789925613,0.868669164331439,-0.463725143822306,1.4407835702854372,-0.8139738421851916,0.6850021596414615,1.0001606341726699,0.1
1.4551519217591031,0.832104023476369,-0.49048461952181155,0.5506061809844194,1.3237502302606359,0.6914659506504766,-1.8876232679267246,0.6439297850556553,0.9999758116115831,0.0
-0.6695848586060489,0.7873505329317929,0.5816503354744027,0.8348201023247959,-0.41000798686267015,0.9842149297603237,0.11721632069470457,0.6098192460579763,1.0013874609329918,0.34
0.6621921688121701,-0.47304494733593305,-0.008818230125720028,0.6935382632406086,0.628425113789062,-0.44907396704107233,-0.6072356218073018,0.5612467032800099,1.0002532222652216,0.2
0.8266265381956641,1.0209629696832447,0.42192803277073754,0.44087576748312074,0.7481173021556847,1.1836844846684984,-0.37328922393263864,0.4358871617878326,1.0007722529433827,0.05
-0.4626769390460679,0.886958561534799,0.2763350254268371,0.9361174426349161,-0.40018516850740854,1.1631705716772263,-0.45449711597891035,0.7926505198815678,1.0010661117349704,0.23
1.4869631802418626,-1.312949316666268,-0.2156189627746281,0.6908171407571858,1.6041228663453713,-1.3510849243001646,-1.2021605701072886,0.6792243795392175,1.000674453182457,0.06
1.057313205738022,1.3356065604979621,1.0626189835959994,0.9255684572146676,1.3790050958635494,1.3279541258565333,0.1476463807735362,0.7878832667912513,1.000095501918279,0.19
-0.010995746265077155,-0.5880187804222026,-0.07743039441810584,0.3654043979203002,0.032060734738613005,-0.37528785426647115,-0.225078706828123,0.21484253156995217,1.003939142320946,0.37
-0.37304471482935275,-1.1440232508850419,-0.9865170140254358,0.636278123987581,-0.4567386427006276,-1.2757756471255157,-1.5121127270638455,0.5447409364552288,1.0001178284117798,0.22
0.5906762741801161,-1.2986784622546896,0.2476394102405597,0.5972471549203247,0.6906449994139011,-0.628752932248567,-0.0775862253954834,0.4288595238678687,1.0005758159655036,0.31
0.8570019162498621,-0.8625603162964763,1.2840953425999286,0.5478118805910978,1.1987375187872145,0.5256984417115802,1.228418359837496,0.23697821669902236,1.0029086986335463,0.67
0.9211122233044655,0.42644202922445773,-0.5085200926152362,0.7864196230805014,1.013344985681778,0.3410248825240005,-1.5210228482797257,0.7715607753138904,1.0005766380659298,0.06
1.1926241549377532,0.410250032003062,-0.5902991902918631,0.6748976634843017,1.3519272573149006,0.5290697024547457,-1.7755533940079786,0.5934164012133005,1.0000206275125214,0.0
0.7957373716263874,0.009281198172102378,-1.3148226829155842,0.6535919792445495,0.9608389210859887,-0.0030464831473136504,-2.262553380803627,0.6342489596185442,1.0005233886217062,0.0
-1.365655572085183,0.08826116986871457,0.5150473273140443,0.9162380038225182,-0.422605684551128,0.3252733558490783,0.3147831494634056,0.5318234090297339,1.0012994317074495,0.58
1.2320931004341849,-1.0567163749262691,-1.0285695572177183,0.6752989561249463,1.069586110232407,-0.8854305484156255,-2.0137665487689516,0.707177261667353,1.0006187690827324,0.03
0.07081636030877725,-1.296446379458245,0.4598730353380007,0.8215712698014166,0.276224202847058,-0.3749721806118348,0.2808516656240585,0.48064571193105227,1.001899553072936,0.58
0.04432429280686789,1.4745997679438685,-0.32324766328732135,0.45340296152786447,-0.014190161830600434,1.5661620111698011,-1.387978688759584,0.4620698059216193,1.0014038302645925,0.0
0.5593730803774228,1.4781554397850671,-0.2233638993322422,0.9888065632940375,0.2725933517643964,1.5292006773734974,-1.5971528822665866,0.8965408320444069,1.001262113489034,0.05
-0.5805069604727642,-0.37348614063088514,1.1409925081091825,0.631651184973101,0.634082067832924,0.28042705259235834,1.1155666252967118,0.2817045058509133,1.0019107746688194,0.87
1.0168619487934745,-1.2988576025949214,-0.12136024910043064,0.7041493714797011,1.0617288538824177,-1.0627096736335357,-0.7650380310357994,0.5713849548183572,1.0006889437655886,0.13
0.8651020810436609,0.21805973981733695,0.14971098087568224,0.3152856110532674,0.9226909757647518,0.34261819150939105,-1.0509519823030296,0.24240872710721909,1.0002717345083814,0.0
0.3495434472305248,0.9364387902262505,0.06030301687130546,0.3623863371746947,0.4573266363216617,0.8874983313674548,-0.6375253190675676,0.36183128363894984,1.0004998384621497,0.03
0.2549543208703904,-0.5151268736481254,-0.4106340839241225,0.9767412683406518,-0.008117207807565089,-0.5420155262749732,-1.1443708049236694,0.7749689113624982,1.0011083664474143,0.24
-1.3743290490363502,0.6494668969902193,-0.919688572279207,0.7064049166762203,-0.9903884171022203,0.6474169385722223,-1.778932614405368,0.7168550940909931,1.0012750185703108,0.08
-0.07055296678508283,-0.18513678801782163,-1.0517330018011273,0.4703642680213434,-0.10021982119107503,-0.12594522006685369,-1.7804607009554512,0.45846386795412797,1.0013962264890444,0.03
0.2602713708915714,1.3121069828282197,1.2019686665849507,0.7598088121438658,0.5188096799870999,1.023682569067867,0.8539389300545204,0.5562299854724643,1.0000575296239276,0.47
-0.11173331979847134,-0.2632224006185664,-1.1366935130804106,0.7770439694542944,0.051004749706687065,-0.2796619466425979,-1.9009465397680656,0.6500005048650714,1.0010707876639693,0.07
0.34677250839308815,0.6811582446801192,1.3364669811242464,0.8561293337707923,0.745948495205146,1.045621271198911,1.1352656130842693,0.4842429095498497,1.0013582473618967,0.56
1.04662374591752,0.01290808455015191,0.5586284818973724,0.9189449372969352,0.8096436602882232,0.20352447069136162,-0.10587305812221533,0.7411608897039946,1.001613995370388,0.29
-1.323828146025517,-0.30256572584727603,1.4862859225546483,0.912540450668671,0.8161985604316349,1.1755105587499766,1.473452781523399,0.1873168395255327,1.0000015893758363,0.88
-0.8527504945576545,-1.099088193071175,1.16593796811651,0.6530801604650938,0.68581588656634,0.481829778368956,1.1595402925321039,0.2112450451606154,1.0029843786140862,0.93
-1.22357065098523,-0.35922719496003364,0.3933565856617003,0.5155629584828518,-0.3594461119837581,0.1455833512609293,0.3461086895680113,0.2536722259207453,1.0012109730870096,0.76
0.9110679243530324,1.3046797446893779,1.1499554734771014,0.8992149083812402,1.170210640705989,1.3500213861252133,0.28997204226771617,0.7510969742110827,1.0008723665215309,0.22
0.9016164551313994,0.2227718171378401,-0.8016259306525149,0.7136702009063951,0.8719174054755895,0.3444925365151074,-1.9128896278159144,0.7200648966162173,1.0011468189392045,0.02
-1.2261968376811614,-1.3212305417527006,-0.31577909646020474,0.46451936730136273,-0.6576125044017873,-0.9151292377729461,-0.36950661312969457,0.2825489420000864,1.00125541476242,0.75
-1.1381427479545994,-0.7827744560968197,0.8445012223912998,0.46732247606609734,-0.031135937781460864,0.3953508039528452,0.838148057662701,0.2046624715176468,1.0040541257178297,0.94
-0.7450892124172401,-0.2251939651004784,-1.1136283286907511,0.9430709957365129,-1.0811039713542647,-0.12721795490021548,-2.001202263306108,0.746362694753412,1.0010369352454076,0.13
0.5632374921424255,-0.7487156563644524,-0.3635821337874625,0.8719998849411217,0.6818104892712002,-0.8019599050398016,-1.206626447129398,0.7822679443854791,1.0018499643756342,0.17
-1.102904102165633,1.4453336303414797,1.4204648417654164,0.7111445132495864,-0.19101610003842,1.6095195827010134,1.1376213139019904,0.48528742413666986,1.0006247972364783,0.46
1.4316317506181777,-0.7893305843650815,0.6618129810387177,0.6396616304588599,1.4768908439889292,-0.5384344431521553,-0.01667433578015563,0.5825959726730353,1.0005324378774256,0.19
-0.2262922480755054,1.4372229139754849,-1.093513453516098,0.7869480325367393,-0.6557070871576813,1.3327152830533269,-2.057200332840382,0.8024184428249889,1.0004318961197627,0.03
-0.6495103215107638,1.3699080509502801,-0.8195453183027295,0.7332904217276244,-0.20778653146372358,1.2790772299103743,-1.8180294181985224,0.6169281315530459,1.0000648662120226,0.01
0.6393741067082459,-0.3434114179540124,-0.27483715688326193,0.42876213172958166,0.6729010884096273,-0.2554673063905566,-0.9669081206975351,0.38317411644252003,1.0002336480671856,0.04
1.4435289864949663,-0.5991022323873949,-1.1387532369731077,0.8109461489923857,1.482708823290393,-0.34656983784979595,-2.6181300350389467,0.8962669722024099,1.0004995352882715,0.0
0.8530260986023932,0.43086214260269684,-1.384345369287371,0.8009501434203234,0.6552925086085429,0.6835812864024815,-2.340792628953288,0.7195876181111087,1.0001493061159585,0.0
-0.75013080150492,-0.3176817144387105,-0.03939388383439568,0.8283058382075561,-0.4020758544991804,-0.15274469670461469,-0.4435488161295613,0.6069330324663422,1.0004365984720882,0.4
0.44919455550423626,0.6028008094612742,0.3892539421504888,0.5702525757249765,0.4464916948970239,0.5503777611253886,-0.17211758984889566,0.4934640620065744,1.0007992202282694,0.21
-0.8998026805946804,0.36089304534073174,0.16781262555545529,0.9051345637240613,-0.3165271631651866,0.3044215629319718,-0.4470691524542974,0.7961288783143713,1.00151645490671,0.34
1.2976774775769062,-0.4865231472431226,-0.5387303974385549,0.6506299594934912,1.2359260000146906,-0.2542069995670862,-1.6906714146342694,0.6423189910200615,0.9995547258450391,0.02
0.05034253318696691,-0.8557817682070443,-1.1630438085154398,0.94488323392493,0.09723125989764138,-0.7997154532340726,-2.2445218169811465,0.8890729408209498,1.000498158365493,0.1
0.02624568746521283,-0.6784523119724384,-1.2145910556820365,0.37087611359253936,0.03997174390576195,-0.7142495685602556,-2.1282427686893235,0.3538029831930501,1.0002974453519486,0.0
1.285273099564621,-1.143899539780957,-0.7391607990186475,0.8973252319304041,1.498529134983671,-1.3435033297928285,-1.9778846479159975,0.8849497536721317,1.0008793410812749,0.05
1.3540510708615923,-0.47277424927037326,0.41440329353089767,0.9690287203779651,1.3023594104972058,-0.07819745179825281,-0.7284867629377719,0.8150451941276047,0.9999315627485574,0.14
-0.3817817242368178,-1.2317764127034763,0.6644681453506371,0.6619046953796622,0.4375133447819697,-0.2335206828942122,0.6261310226787951,0.27226278304057483,1.0026906550363375,0.77
1.1792393036195583,-0.9285638692144549,-0.3149560010522454,0.9919108597016468,0.7779875554671517,-0.6638731364973922,-1.189774429158871,0.8684289088710124,1.0003315700757263,0.18
1.241474178151587,0.7692481169625216,-0.9772908033420131,0.6308662227675133,1.3834251651065874,0.7251886528579903,-1.9728328789671983,0.6874198358562733,1.0003508927756029,0.0
-0.8829095860894516,0.9441015868838476,-0.5529566301820248,0.3683205244769843,-1.2977367681712857,0.8296605279692293,-0.9764336798078534,0.3725774667924777,1.000303324207612,0.05
0.8903742797498855,0.6349835428191861,-1.408956856146385,0.441782904572843,0.8711884532311838,0.5212942816079347,-1.4576628511418075,0.3741543350077176,1.0013122559973455,0.0
-1.017032744270329,-1.2881570969622362,-0.17813761680484008,0.531899383249099,-0.6094577386647174,-0.8187419160697191,-0.24918917929899603,0.32808030354529966,1.0035447057886722,0.74
1.32677151970169,-0.21933871042955033,-0.20103836817720655,0.31027599248036614,1.294366074025801,-0.18212118171137426,-1.2120570183311101,0.3329315399433616,1.000205610307985,0.0
-0.5587979374499883,-0.9848128278322379,1.0938163575278734,0.8644052644155649,0.6904481783039548,0.4957728528336277,1.0369320700429139,0.31060387080474006,1.0025190611419506,0.75
0.2614163088498458,1.43872345833136,-0.2817228086813779,0.7205889805547563,0.18461131540067038,1.6639402818616327,-1.3477414882382888,0.6389322723674231,1.0009797227489927,0.02
-0.13797938431909107,0.9390280707673062,0.09493828004031779,0.458578234241229,-0.2347785181155669,0.9241113136960851,-0.5764992499890954,0.49835800656579116,1.000949035850662,0.12
-0.700966722146446,0.5141830702874719,0.7919302414016025,0.9385802925879707,-0.29333800230736484,0.643427103385483,0.43781149715814155,0.6599825929006772,1.0016814076540743,0.51
1.0825771631508898,-1.1504159663897728,0.502989366417466,0.8759929989050288,1.301358660963191,-1.1198385002836786,-0.11686051097617957,0.7561627790370998,1.0003629950326332,0.29
1.1349906575161137,-0.5089180505251885,0.025835820805341747,0.3585333954123834,1.053083020805468,-0.5069476501489416,-0.6012425668032957,0.4072466625921199,1.0001978637016609,0.07
0.7882380226126502,-0.4034157609397562,-0.6311239091242729,0.736790906792594,0.9174876180999602,-0.6837179092378489,-1.6607402470878816,0.7839710610608573,1.0021442590476528,0.08
-0.5844022120994499,-0.692227635771784,1.1379468249791236,0.8119066857508876,0.5756213859571653,0.04082446163145648,1.031967933755443,0.4980848864214138,1.001273276624197,0.74
-0.2349701272323006,0.4397452052600901,-1.372288981274075,0.3152856103114974,-0.23117350468430395,0.47065492604622805,-1.7035541892753248,0.31228341912565305,1.001596270917203,0.0
-1.4820896101981251,-0.9208646829105123,-0.593999609957383,0.6751191539933342,-1.1021132994544005,-0.7135100527470857,-0.8143535287630995,0.5124530575640914,1.0003908008354918,0.5
-0.21950265052627294,0.6187736632694572,1.125631685476376,0.7892123400011758,0.41234918832622036,0.9234477577281464,0.940604052750359,0.46277737391021617,1.0018513139139444,0.57
-0.4785016033630203,1.3695597204170333,-0.7724159304630815,0.632693125483542,-1.018352072779602,1.4225071751187452,-1.7829713465269696,0.6640530093728529,1.0002069583190405,0.02
-1.318950919085939,0.4036735835141301,0.05474116836092624,0.4367161600240336,-0.8318074020326738,0.45804137727586614,-0.18764001357765064,0.30632618456695876,1.0006985169007279,0.28
0.8957124326765609,-0.8300294885687001,-1.0637305626655218,0.8957576434718759,1.0804279257838203,-0.5474412645768175,-2.4776427762591076,0.8025189237836805,1.0009903571352707,0.01
0.7151280848050767,0.6854474333749998,0.6409921637607843,0.8991683658619551,0.8949413575104456,0.5432239837166806,-0.1666892345930756,0.9009843091468926,1.0005043668162787,0.27
0.714857114422057,-0.6097579881721875,-1.2051516734925587,0.5001717605033853,0.724896535003179,-0.7972769939205414,-2.06655473537744,0.5341314577433522,1.0004444091147042,0.01
-0.6594068730048213,-1.3618636110702138,-0.6896008947600727,0.437692139129276,-0.5710317039396895,-1.1565903951401861,-0.9504772170164629,0.38501216114732206,1.0003483261444936,0.38
-1.436426445663315,-1.0012751457891103,-0.2868712843643284,0.41906056919021095,-0.8314327145213993,-0.48890184416279386,-0.30488175972266035,0.1660151749996754,1.0016642072402469,0.82
-0.10335005730590763,-1.1152013105244907,1.4780199577078772,0.8568811532766019,0.9590786995948597,0.5372653018987532,1.4552699665964155,0.29849515947868643,1.0017959453896321,0.88
0.4106155158659468,0.4555995886384283,1.1212496118388797,0.5552741829684912,0.7330334009834393,0.7345248061978694,0.968117902370104,0.37686936352078865,1.0000798816859242,0.59
0.5628839096715694,0.9450836397746256,0.7839850634182475,0.9249138678827273,0.7745233674326917,0.7983266585789801,0.04403694906520726,0.8000867527892167,1.0013747385310106,0.28
-0.26402118691464027,0.3454293788569385,-1.3408232275707943,0.5234845377720941,-0.4208574538946058,0.2182160520778817,-2.6769131852303327,0.6055330965795167,1.0007226193571148,0.0
-1.4664047174285175,0.7345807877265242,0.1700156823960084,0.5185469282590867,-0.9660495036775546,0.7712296838285404,-0.18949231204119257,0.4015005123033822,1.0004773336108506,0.24
-0.5155839829099915,-1.450598504052323,-1.290619611783912,0.3027075920531609,-0.6448771728654076,-1.332342229411155,-1.687581905174656,0.26254924903540927,1.0007943562274202,0.06
-1.1369845335259285,-1.4904797276072492,0.46702296711549196,0.8748155893371747,-0.03258780196009886,-0.272577596769381,0.40926960559770215,0.3919199711421085,1.0008641906273157,0.76
-0.38790900096112835,-0.5786217352735605,1.2550185774196123,0.7556781277416077,0.8976601108451486,0.747725553385046,1.2207743432418439,0.24156434189579323,1.003551030697111,0.79
0.8333107161502555,0.8511369303629381,-0.7464337387481563,0.48162226112364637,0.9313391329139865,0.8385288464325813,-1.509975969859006,0.4359717981488358,1.0015046899627913,0.0
0.3356405382027896,0.09152945511746768,-0.23078266114976165,0.48710971913465023,0.40059594308392804,-0.0214830119348169,-0.8614640166399704,0.44929202363248283,1.0010169360482792,0.1
0.4299871499919796,1.2091834300101665,-0.04244726533676646,0.3464941780452439,0.3937482599744277,1.2263231398073817,-0.4953131714619284,0.34659642728601125,1.0004203595067962,0.03
-0.07223707815644786,1.1492226505917955,-0.16833107069261422,0.7023621630291443,-0.0469567650390499,1.1561904488470514,-1.4828069153513124,0.693522581339237,1.0001936111979808,0.04
-1.285726739290674,1.097402261191692,-0.5375347330923503,0.5903690880028747,-0.9034267553856438,1.1287516350057345,-1.3446467111871703,0.5140893076428885,1.0000355910136955,0.03
1.124640743249814,0.5723686446303633,0.6946799021250452,0.5185824183366272,1.1203479583500426,0.7180931574291164,0.10000653647068743,0.47133497052057094,1.0012699183421385,0.16
-0.1637732146854649,-1.2020690731861923,-1.2042719367604817,0.375112376948971,-0.1978891196049725,-0.9787942192478034,-1.7746553615986786,0.3128614012430862,1.0009694566184806,0.02
0.026432879411568466,-1.4769579979745695,-0.5669634548492366,0.3150979784248497,0.06790292729369447,-1.1775297618239626,-0.9678766759052266,0.27749253842997185,1.0009850012668722,0.09
0.7709232365445029,-0.7275383372000543,0.31067213859370835,0.3174270040121396,0.9020813163492242,-0.4958991934709573,-0.08180354255905328,0.3031049202087426,1.0000773370993197,0.13
1.0737963849787882,-0.06355809139161006,0.07701748144575049,0.7709461683652616,1.3242615098821242,0.170951056705599,-1.2914633590384497,0.6949302145486308,1.0012361171285928,0.04
0.1140037408284078,1.1042727155324839,-0.8148528922608906,0.8764544964387204,0.5179107537868142,0.9858509772795502,-1.9987846681287837,0.8461711574463263,1.000719098115388,0.03
0.593061666951602,1.4305352449749709,1.3970756333843344,0.6455539995771291,1.1591975403982828,1.4214796324873609,0.9883589755516182,0.5026031720769575,1.0023450605522852,0.34
-0.40455590800670693,-0.019265787675293966,-0.8852317069019471,0.5422435499933188,-0.33964961968594304,-0.01887025717244399,-1.9718095480112448,0.5815067844994621,1.0013740784065643,0.04
1.431428712267218,0.8534304765824094,-0.0490830405755458,0.3063675272445357,1.4187973618125218,0.7796002279486196,-1.0022031205619744,0.336358119636756,1.0007799204875945,0.0
-1.4999844333506318,-1.080937037858058,-0.8586644626407374,0.397392845488771,-1.2865437863267084,-1.0080764847957628,-0.9723320742099965,0.3042835315845695,1.000898888638419,0.57
0.4686175184882304,1.4008398773943416,-1.3363725498153227,0.4781703789131639,0.2815137485103405,1.4423762969859495,-1.6510586242700174,0.5393827024607781,1.0006734300680586,0.0
-0.8042153829639593,-1.1669598344493313,0.14275356611625423,0.4002572928578416,-0.07781711865550886,-0.21376200763667863,0.13630719676642075,0.10969186747124564,1.0001248398496996,0.9
1.3399384107496912,0.24699177868848587,0.45808437931342194,0.430424335755036,1.2671974607321923,0.23699131624596895,0.02821542862616125,0.38008104311941115,1.000458509587321,0.12
0.22426755670905352,1.435703418991383,-1.0892578966940536,0.7203625432600458,0.2981251322748997,1.4669478248717034,-1.9887629282231016,0.661191341990386,1.000976602519731,0.0
0.27789282463516507,-0.3881393664936501,1.1483284725305198,0.8603286361957736,0.6912786201800597,0.6029980977676842,1.0064650539829192,0.47155007806215093,1.0008405762974653,0.63
-1.3195651222155287,-0.4508946295738072,1.2386742203462178,0.5296761288364583,0.5967150563343646,0.8971315090167927,1.2359885078846509,0.14169803069298847,1.0016752454899085,0.96
-0.12917711221747852,0.5946895609265717,-1.3389713499565834,0.3987780430530464,-0.07705793389266,0.5950852643225639,-1.6305354427414378,0.35041836511632285,1.0010088882836297,0.0
0.0014471487202059041,1.0694689752856759,-0.30452682847682055,0.8566919731448213,0.03214630291412923,0.8941833162541939,-1.5961773385366933,0.8197992092992094,0.9999239963524073,0.07
0.6662651006907039,0.6194589855688992,0.16809979845181133,0.9458295126915872,0.5935703127988254,0.9305990443646519,-0.8727959072680647,0.7822845122280101,0.9997139105994877,0.12
-1.4996703472778097,-0.011693061581355746,-1.3982487488388322,0.379767169461484,-1.491534049816531,-0.013748607250230518,-1.9838550451805645,0.4043919303003954,0.999762500121943,0.03
-0.8654389284048483,0.8985962965612551,1.2776849035619349,0.4697917722310389,-0.10946147879664113,1.2092687909822626,1.1662566250648911,0.32470353791608386,1.0006379149500308,0.63
1.0140738039988153,0.04132966856719378,0.33313473070335387,0.9408934144645242,0.769047433041537,-0.09763672538506427,-0.44771472640335097,0.7735447017899802,1.000884315752407,0.25
-0.42712795745029375,0.1780213754962281,-0.555419603356712,0.3025968316201191,-0.4528211260703548,0.17940485825537056,-1.2157200483303294,0.29384326610814754,1.000477925772692,0.02
1.1779876141056187,-1.3077243387952984,-0.8494091416204297,0.7045301771743002,1.2688470762687531,-0.9263279973442589,-1.5126862963676786,0.6030684799234741,0.9999316495002957,0.04
-0.5896610077716236,0.2630613533699302,0.5465197216625999,0.7740455478016932,-0.21477746612039902,0.5774753460173921,0.26787654178689124,0.5289035741426191,1.0007866922655295,0.47
0.3487514346397269,1.083431860918342,-1.2254293636442837,0.9822966130669775,0.3476223206847822,1.2459164796306463,-2.736675913505126,1.0062462535314922,1.0006570821898662,0.0
-1.2653144009307684,1.2942391152981507,0.9639027669093214,0.8914433831920094,-1.0879750426249657,1.3596514921685112,0.5468811424599931,0.6832936880338075,0.9994977545672874,0.42
0.24966273677236828,-0.16346283221445002,-0.392411344445613,0.7150446740430605,0.27941145576939325,-0.0176057195342274,-1.2260059112951132,0.643832092215534,1.0005640285043524,0.12
0.5237238821948758,0.28896228875564356,-0.15040602904138822,0.567468896896442,0.45186157480386335,0.14920331276648502,-1.1194073189284468,0.5359038409551606,1.002418206801778,0.07
-0.6149888134541905,-0.2633891680342686,0.17595656824486894,0.6994763122402803,-0.3475719702596445,-0.06898879654878466,-0.21399302653600794,0.6336077140909242,1.000630042899606,0.45
0.7915097113159595,-0.742587743341117,1.158494600147296,0.7396732468866551,0.8353954154996351,-0.37522495330514594,1.022160946364799,0.5858638778188912,1.0029384756303192,0.69
0.9063330114197656,-0.36810363441232785,-0.6725683753244309,0.4361216536870266,0.9382809592679735,-0.39416971932916284,-1.6732265631022647,0.39354051663261963,1.0015357922632493,0.0
0.2838854125055743,1.071606472346863,-0.9016094980274705,0.8918524356514266,0.20231417945205674,1.031355428533592,-2.305872779478939,1.003470562058818,1.0001495384857133,0.03
-1.401349308695357,-0.8125304339640647,0.6831558383731062,0.8334205242437986,0.15388084424387782,0.12768882549944488,0.6295364785470033,0.3133486836680656,1.0020121504885489,0.78
-0.23902979334414542,-0.6486657245362899,0.6818726961811112,0.5396596305148942,0.25124605564208385,0.0450725545333507,0.6515442061148427,0.27816785843220776,1.001610445083279,0.82
0.7590239816568154,-1.3643708475337453,-0.145549511951923,0.3957600938100281,0.7053143027902518,-1.6534299290749974,-0.4924115895373477,0.3426676234693378,1.0016526153826153,0.13
-1.479020934320913,-0.22556889704636118,-1.089379463611798,0.3367876097618896,-1.3755778005394461,-0.13274839057411603,-1.564219570267516,0.30860588216589063,1.000293338002529,0.04
1.2728455043394131,-0.6730166799083477,-1.4571389471188234,0.7501167634817866,1.261592291481349,-0.7005869715464895,-2.369985266628393,0.6814560744173218,1.0007665231385594,0.0
0.5009518942175557,-0.5200984648278413,-1.4149681167727703,0.586849062603291,0.6017305901578304,-1.1480772579874685,-2.6071533516783445,0.7030732517876745,1.0010660704846839,0.01
0.3394731725598459,0.14841579673874739,0.494424502099281,0.7553137588953008,0.26419284122032616,0.365973161419643,0.14530075065834272,0.5070340448749668,1.0001762398829177,0.39
0.5968223250878122,0.6660558582618794,-0.3579838641533324,0.44221086081129235,0.660637266819234,0.7124201554713638,-1.4564393812281466,0.4994827637211826,1.0004998519028006,0.01
0.34245484095184797,0.09919317639389424,-1.1178649239289944,0.41662088648709283,0.24164249927547496,0.05794503822381123,-1.6985407385592675,0.40602677413076493,1.000378281751697,0.01
0.6355835344218512,-0.4053836892056468,-0.6297631293019865,0.46515575120863695,0.6748595965831928,-0.3972211085612404,-1.674316185187734,0.4577253807067807,1.0004004992727744,0.01
-0.9545595778141549,0.5298453329649959,-1.4159657856812198,0.6086172724119853,-1.2303450380183867,0.4423967411504547,-2.3254464788491167,0.5952461042696575,1.0005310898243711,0.02
0.31621129595861364,1.2301303197474645,-1.4586054687548922,0.6714649890712814,0.23126884170667553,1.0716880840442937,-2.2415160796687386,0.7093718045985004,1.000825724800708,0.0
0.7545614837788244,-1.378984483205474,-0.6145021007652693,0.8736748530671679,0.7942085050393296,-1.1952441734277937,-1.6705730831436505,0.788826882146348,1.000332042390545,0.1
-1.2790074769190662,1.2701806903052648,0.003827258133643152,0.8345762311016702,-0.3659705125726671,1.219218938417512,-0.9456771927937598,0.6816482655501497,0.9997128797113178,0.1
0.24038478941230146,-0.44567695642068084,0.6013440623591926,0.5654581721387539,0.4513111548288417,0.0034242524930926895,0.44491064205227815,0.368587754668035,1.0020102148494383,0.56
1.228909907858371,1.450585041069547,-0.22963462491549147,0.8099783801439551,1.2406138592072145,1.5708776773929114,-1.8499414545772577,0.8816801668499524,1.0000037924244063,0.01
-0.8465691127253887,0.330191254758053,-0.5851368143492199,0.9259316458294355,-0.6899057121188672,0.4966346266998253,-1.7594199840964,0.8887571455203103,1.0015601336776525,0.12
-0.5173599392451149,1.2027326678525538,0.6053821256419782,0.5495397036304124,-0.24895955416813914,1.122734484513593,0.17233715517224807,0.523715867427564,1.0004412095160193,0.29
0.5299499971831345,-0.17643245796874996,-0.44670743907504473,0.8625193721718478,0.3631922209582959,0.0325964543685677,-1.2775632463691895,0.7221657276592208,1.0002181085431157,0.13
0.9802596586268457,-0.08031961992699754,0.8854211819925792,0.38712825107754395,0.9104165635089811,-0.26533380970320336,0.64089470581631,0.3891386219982344,1.0021191567656946,0.47
-1.380773908292721,1.2943261016343834,0.5212487155211694,0.93097740225606,-1.3689401393426766,1.2481020330224875,-0.13506612887749272,0.9385417449104487,1.0010209381683481,0.35
-0.7426679931822819,1.0515039076599653,0.12871496440885055,0.732717827545776,-0.538895732073725,1.1175020813895826,-0.6323811420699172,0.6297512573016764,1.0005534244648706,0.15
0.4291456746184421,-1.4558656875642741,-0.6080686392536538,0.8996354785008198,0.42857060891008564,-1.139353421927533,-1.4856746530914327,0.7349994651068442,1.0002891537802712,0.15
-0.6334319941860846,-0.4709877390217414,0.45691970701854867,0.7804384380654301,0.15106496815957562,-0.21497834469483923,0.26551368147808524,0.5217074586137836,1.000805075327615,0.58
-1.3658935193241375,0.7362654072570498,-1.2148469734040233,0.8842255395684875,-1.2283677832704762,0.695633900874139,-2.0418321525252634,0.7189049134401063,1.0010366178880452,0.06
1.1652708967471033,-0.5557031275906199,-0.01996415659489914,0.7100433468070331,1.2308649205765432,-0.8836841701627357,-0.8398558029197688,0.6802018106475407,1.0009009654873209,0.13
-0.9876847168581497,-1.35902047215106,0.7549277762027584,0.8200324540614001,-0.23781634779462416,0.13336855479680204,0.7190745738062345,0.37537719277033715,1.0025353149586438,0.85
0.11768252167280413,-1.3012628177704593,-0.3958913987792434,0.8492130986436797,0.5368394213631762,-1.26752780052112,-1.128234699663966,0.73747284273502,1.0022430403844207,0.21
1.2768456703414044,0.4476786902431509,-0.0674296934396783,0.4707970142362103,1.1389057016918234,0.583441987362894,-1.1134371406302968,0.45864302379816246,1.001384012400233,0.01
-0.6519803602487129,-0.7422134779058969,-0.5576149948103459,0.8007067330961875,-0.7796384192134574,-0.5756204388859213,-1.169426956840083,0.6924639201601628,1.0005160037678398,0.31
-0.7789953968173284,0.9160120688478459,0.9851719843984621,0.7182678809926712,-0.6323225420110907,1.1832841107216736,0.6883110159552411,0.5360831623372505,0.9999106307043124,0.47
0.15802333947866432,-0.878954731617811,-0.7887710403754333,0.6143091434269085,0.17640931340745983,-0.9838749342417074,-1.4862834937774032,0.5463170061710136,1.0008040124599888,0.11
1.1053309547809285,0.007633024564145163,-1.2839543500798118,0.3024599113925048,1.0544944445757156,0.14066158087135602,-1.2131789625232625,0.2983171625311242,1.0018905015325685,0.0
1.3748022175678005,-0.01527179054121408,1.052684657365007,0.5334661374614968,1.402807181837661,0.4031875178606902,0.7227004783845569,0.37430310183805404,1.0000124264594874,0.29
-0.12318329917197524,-1.4727136849368114,0.2559628551823081,0.4042297958914968,0.08659913573739686,-1.2900542135284458,0.21814609425631423,0.22373400978213487,1.002755762043646,0.76
-0.8630721976551459,1.4003562697307839,-0.560971419532247,0.47057906819956763,-0.5487811062712606,1.352049052604017,-1.5494004551118263,0.4150342555700232,1.001170740868079,0.0
-0.09951201794102671,-0.9711345974882526,-0.46990346864639965,0.6553584987166745,-0.0025857776217178864,-0.8457876880707222,-0.8432589493302461,0.47255633534935215,1.0006062350034128,0.27
1.0985348469042568,-0.9045936700398143,-0.7217167721012863,0.903347658013697,0.8997002552405712,-0.8720816174142697,-1.5530164943299127,0.7856415985363845,1.0016430181306115,0.11
-0.24482489019151688,-0.8461224469773896,-0.8295818547934746,0.5614076606555827,-0.18168819735838446,-0.9108340680337033,-1.4116384066797678,0.5152428488647489,1.0004292238920298,0.16
0.9358368486531932,0.02423631170400764,-0.4413442273583943,0.8514709583204008,1.196661860989963,0.21185785152052808,-1.5853625334429016,0.7894942114396503,1.0017777834271178,0.05
0.7648956816577765,0.49781566723924975,0.20711073801639257,0.8876892015770761,0.579054741392884,0.49903772051657835,-0.7964161004828441,0.7500466183809674,1.0008326760177269,0.15
0.5808754164241448,-0.3405099809494394,-0.2859523781825184,0.7235799739134818,0.5403389710677179,-0.16346011209368205,-1.17237425595419,0.7428922654392278,1.0014414891733803,0.14
-0.1115687586748042,0.12637898818640836,-0.6534877706351698,0.6273987716305086,-0.17783887140226273,0.13265177582976412,-1.7148363965295403,0.6163554781906286,1.0004163953892,0.06
0.7165219322361338,0.8489555312963839,-0.675636578019736,0.3171791389728598,0.7868628866337717,0.8674209076197368,-1.1422061496733122,0.2930036037289752,1.0015004073880334,0.0
1.314386255796773,0.5607538828420182,0.9703758854088909,0.593024391671613,1.483100008719267,0.48612828149148446,0.3836372328540375,0.5146169722996455,0.999616935768659,0.21
-0.7633737102982476,-0.04452718486087481,-0.4527604298223422,0.46838771393230216,-0.5834195796143056,-0.02925260088069446,-1.0392640383897807,0.4299741085230829,1.0005689057555012,0.15
0.32252693827231993,0.47511072305384516,-1.364579249698029,0.550518520942755,0.16361617666858072,0.43598799280801687,-2.404078390043699,0.6295969366584958,1.0008728521788972,0.0
-0.01222673078599601,0.7318557272387896,-0.7723096173113002,0.7710359798469579,0.014422192592876694,0.7926260399151355,-1.7620866162679218,0.6885799736534166,1.0007071386021322,0.04
-1.075638070452488,-0.49707895858309503,0.6415499028501079,0.48433459872662704,0.2596342901333904,0.40168751666964864,0.6343465422547456,0.12962914439152956,1.000576200414772,0.88
-1.0287316207808743,0.9277344396505196,-0.7034040955423098,0.32346860285387413,-0.913229518709469,0.9587230464202114,-1.4259635223690301,0.32194642966926607,1.0016722674675809,0.0
0.056215576200248085,1.1737891094603938,0.7376519193097719,0.5312687620248944,-0.06240913389265249,1.1395645700707413,0.3424487220000865,0.42795532607880876,0.999970720622893,0.28
0.8197658328968949,0.47187046223700246,-0.2443821255471259,0.32155045098272456,0.9420277183132769,0.508244158614103,-1.250039033198834,0.3100070147909444,1.000635914414397,0.0
-0.8679802498113072,-0.6703761093366778,0.4130143800665307,0.682506854197188,0.05302172417979534,0.002885650972962035,0.3449910322908368,0.29391594207641597,1.000790999988938,0.69
1.125477350824304,0.4925756431704458,-1.0004020411568326,0.8621164825471679,1.166181119570498,0.4501480255981968,-2.155707837294015,0.7873794853839581,1.000685631752085,0.01
0.6804404446879944,-0.40522854170507205,0.6086881659025276,0.436967789702181,0.8045232681812658,-0.23740840938974894,0.432777018113074,0.3187444457635743,1.000228424332597,0.43
-1.4362374036218462,-0.6133198590433822,1.427694318627517,0.5411426130818476,-0.22318398207943563,1.3346365171381736,1.427874159711651,0.03512462841059323,1.0008075645564285,0.98
0.916575356945585,0.2339650630243244,-0.3242638522506678,0.427824003369777,0.868425022272766,0.266308858513727,-1.5561046146144464,0.38886384215422326,0.9997960096473781,0.0
0.9211011087442253,0.8471053625819609,-0.8292710354069939,0.9774369650497892,0.5332023456626693,0.9555625106001224,-2.3436823848645756,1.105860487298883,1.0004111065688193,0.04
1.4851545876470915,0.7181917783792446,-0.6123473076442765,0.42701404522209974,1.5257641283094745,0.851333341967116,-1.2217696786934393,0.40380844963252777,1.0016269238805868,0.0
1.4243944289586397,-0.8094472616345674,-0.3157230731183531,0.44520749183825514,1.3972803594518854,-1.0432871561442338,-1.1714269149063985,0.4809270876747095,0.999895039065449,0.02
-0.18212165302401173,-0.4894402196771914,-0.34719457556117894,0.9657568035001134,0.08010131416655032,-0.34777636877164686,-0.9296805547882278,0.7333565439443789,1.0009364258960742,0.26
-0.8484279279986802,-1.3669592157859647,1.0520879307801185,0.7935868424788891,0.6114659720685378,0.6284190687335232,1.0341662947187256,0.1988323204072093,1.0016253353626494,0.86
1.1804712382552647,1.40633084138855,-0.5785152910457558,0.5340637131177522,1.285755252340611,1.3351226399642215,-1.3299932814685722,0.4876335826579785,1.0007035471196033,0.0
0.5265858636646956,0.06723599226629062,-0.47379192705686846,0.8483336935339711,0.35558550554139734,-0.08571207668386055,-1.851512594922809,0.8580096507891356,1.0010558294515766,0.08
-0.3250143153755105,-0.18878769308264332,1.2221879228988102,0.5659522756491853,0.6925498845227273,0.8573353107427834,1.1969734927760525,0.21893023552484311,1.0018230340388532,0.83
-0.049708752878261375,-0.2667319992935149,0.3173466151927842,0.6917105295585748,0.3223556172351905,0.35511345314785947,-0.08893947769679887,0.5216128161841521,0.9997372983523664,0.31
-1.467857417233877,0.1048982252032089,-0.1893279023327894,0.49171500405250773,-1.216744530539719,0.07333694205314113,-0.4591308858304383,0.3913274781921515,0.9998850181538874,0.38
-0.6640616278586331,-0.13401401925128043,0.20832858261695164,0.7673624826860131,-0.2113844340401766,0.0668709661489386,-0.042599253753385184,0.4691151293996729,1.0022319086948681,0.47
-0.294106358474723,-1.1138853543617477,1.2627286329996874,0.9973919344119377,0.4957558262097855,0.010584993038833016,1.0938310795353672,0.6130936848915033,1.0004850858453547,0.72
-0.3911620418872279,0.572863814575638,-1.0349478251845092,0.5504572386833626,-0.7181685422166556,0.7312833437750793,-1.9865701568064964,0.5434787478820262,1.0005183152075632,0.01
0.26768292501212754,-1.378721115155644,0.41020527818168584,0.9050188551690836,0.4579231859368781,-0.7867793522564213,0.023356471628952245,0.6208438538512985,1.0008537770439088,0.46
-0.6877701453348462,0.15558556814396862,-0.09223148072270848,0.8955991533694181,-0.6158128586178359,0.3511621587753068,-0.7236876093383758,0.6881412766145923,1.0006537413946595,0.27
0.25793132907719274,0.5284434697107327,-1.4261829521291471,0.5216617187600019,0.2228576645646251,0.3968239482702851,-2.1462014919795003,0.4910860042217881,0.9999076748925733,0.0
-0.22506839045245441,0.38216916316485383,-0.19987345751789376,0.4335367813857149,-0.27419671337855744,0.4687951686517329,-0.7156663261802697,0.3687933374756599,1.0000813459568076,0.1
-1.4331822200064332,0.9282863434379705,-1.2183275115121222,0.3248596733680603,-0.8370376144061923,0.8842785889994561,-1.390187744579017,0.28666469097416764,1.0000007812950142,0.0
-0.9421255099969683,-1.038938616144776,-1.1873772981503197,0.415334326972717,-0.8471705449946344,-1.057199271449112,-1.6806426872993703,0.3627536072077175,0.9999546947747199,0.13
0.04751238880982078,-0.0932137936264168,1.2058497823072107,0.3426242259570624,0.982864857036662,1.0247990452687905,1.204839885361295,0.06819349532708804,1.0002500621359558,0.95
-0.560441593484257,0.39021346744510743,-0.7683420500353244,0.3699652986591029,-0.45689557615293835,0.45725231487734436,-1.7487387253053832,0.3289124828517224,1.0010785712291157,0.0
1.2119330393485424,1.3108751346428842,1.438108259948078,0.37384830534178465,1.1495941292667984,1.4238032590983065,1.1515738382296972,0.34197281214662584,1.0005647229723766,0.36
0.5128524707677515,-0.9031572605506055,-0.6238960606222186,0.7050162158206532,0.457232862512012,-0.8963884724484332,-1.7546836508159078,0.7446728705667733,1.0006559874829597,0.09
-1.2512041613377158,-1.0227707019071108,0.32993075788815673,0.9348227255277692,-0.4548951776268523,-0.14600468966239952,0.2111824417597556,0.46824460003947876,1.0015152719542506,0.68
0.9233021944810171,1.478136994930071,1.278126974329231,0.9776598864287318,1.0117479798178752,1.7648424862639953,0.4794791332276902,0.8186077480988773,1.0001904663384376,0.25
0.9179674126079447,0.1614053703007896,1.2064774761947814,0.9350975408664299,0.8457548582871611,0.3273661932050136,1.0033968562828877,0.6102396673759806,1.0028690308030273,0.6
-0.33385351298983856,-0.8156183808037285,0.3990316257046471,0.9774339544051629,-0.04793232270528973,-0.32597048561465103,0.06111908610991599,0.6848863609998072,0.9997616446589286,0.53
-1.3492247692030312,0.29803843659817475,0.9222772101320436,0.8035950180894227,-0.456881073325698,0.7252989374601059,0.8084200268968019,0.4352712688148003,1.0017562244928535,0.68
-1.3779110226114124,-0.3860186773375267,-0.2747518547771126,0.530973282508833,-0.9618107998116168,-0.28058365835989696,-0.5493342416443279,0.4467282310629473,1.0007349683940843,0.45
1.0732366280093033,-0.11297527631389315,0.777797609517457,0.7162215073311284,1.1115367960579943,-0.10931533035620346,0.34870527532505424,0.6290431185275028,1.0003858113210513,0.37
0.6244427988689258,1.2499417205953325,-0.8622052186423945,0.5907018105418447,0.7085256034910161,1.3848815319836996,-1.7295085229072127,0.6025964267492308,0.9998803945005535,0.0
-1.1399930931331,0.8000152388067243,0.34982047316269194,0.511506605105451,-1.1264303396343287,0.7582184950537658,-0.030340386606249756,0.47295392185800345,1.000238708365599,0.33
0.8595243494783356,0.6661071822587803,-0.046971687292620246,0.5205435137828638,0.7527594927561305,0.7614089832708175,-1.2481313005534789,0.4591125137534651,0.9999776630000322,0.01
-1.4671721192809568,1.3976818051241087,0.41343573403881906,0.6258793981406727,-1.8516526384016903,1.318944314698076,-0.13266451832805848,0.5727241115609101,1.0012720103247423,0.22
-1.2261657975868452,-1.2188591595048865,1.4730920651038,0.6999011672747393,-0.2171503190896945,1.3329691598279219,1.4721896777416021,0.05291786873776132,1.003420579066517,0.97
0.7802741280404524,0.9620725503920831,-0.4204085637376447,0.8823999386353854,0.8058221815644948,0.6373149665974329,-1.3420556180071506,0.8374457120150016,1.0023563428880258,0.09
1.3430194229041637,0.46318608615273926,1.1203558462478398,0.45978484363124017,1.3424621699647055,0.5873999366961463,0.8368066586170674,0.3651593455937496,1.0006407089605658,0.34
-0.2106836535037262,0.5788808534071155,0.8818605440038727,0.8942605669975927,0.225423687256139,0.6522277673020244,0.5453047409542091,0.6170809906109523,1.000965427918188,0.49
1.1629655829197985,0.9452435198462537,1.4546663216183022,0.48656225678946147,1.189439381318391,1.002067905900854,1.247901005927985,0.4135662801632218,1.0013867080468195,0.53
-0.8110265308000615,0.5744952202639078,0.5779384684508884,0.3863059335483876,-0.33799492891424393,0.6893815012225347,0.4332953871710052,0.2529553365584745,1.0002322942261799,0.45
0.2803213889133209,-1.087981011102491,1.4709569272786673,0.5788028877152278,1.0297842493932596,0.7310343493137729,1.4569455786341041,0.2364440617092714,1.0014423945171806,0.89
-1.083507866284984,-0.7249698059108958,-0.03346475831847462,0.699738460032779,-0.689277362819262,-0.4382553078928952,-0.19252988556853143,0.4254777418954567,1.0016030464659407,0.63
-0.3983887348787609,-1.3520271975220675,-0.24213550962590302,0.642759218413926,-0.198951110159853,-1.1560105474552225,-0.4615724665330181,0.47368139647157875,1.0012609037167863,0.5
-0.3058279808732107,-1.2086069804043593,-1.4035806881576327,0.810196695201391,-0.16661878534439684,-1.3581946329671775,-2.233604705979797,0.703693856890634,1.0005036654173698,0.1
0.17730010701508858,0.9653473805046762,-0.20486436882301584,0.9532979664279888,0.026649454050571383,1.345496243941702,-1.7745995919714865,0.8741592219231827,1.001058150515081,0.04
1.4391368337352533,-0.6986184740732475,1.4333365494989487,0.7875246367597972,1.5733183980737726,-0.4457482539678666,1.1163930283448154,0.5909925448111536,1.001148814215845,0.49
0.40042833890402263,-1.200121988673038,1.3499130050905528,0.8709612406297633,1.150260538341754,0.26140798573503626,1.2981207587062527,0.30487089178277677,1.0002799843664987,0.74
-1.2669470602845556,-0.02066835897198338,-0.09409126770673315,0.46628264254504925,-0.7409791444979728,0.00860488755075662,-0.22189410851541763,0.241083404317238,1.0011466277710563,0.46
0.37399836659485364,1.2123076628518499,0.37797499474972396,0.5889217947389402,0.42265390664298685,1.1084314113617206,-0.5854244847205308,0.5537925038631543,1.0002630662153276,0.08
0.8092905029126722,0.24440755596418073,-0.41565675630251664,0.7674915241402704,0.5077572708151001,0.09860580885356031,-1.7147902923748333,0.7690700541183275,1.0008529749332775,0.06
0.07941891297473025,-0.19696884057766995,1.1465254511332184,0.6965257044963172,0.6476104807450461,0.5367967263918627,1.0557915551992085,0.37949771744711325,1.0010523193735814,0.71
0.5510793317394396,0.022815478636651898,0.35999558675526266,0.35409384186503096,0.6501159196119989,-0.011557933651640331,0.08140926283453423,0.2982081742417876,1.001807239270101,0.26
0.04802136183051986,0.028955966793395183,1.335133606945261,0.7420452198756814,0.8137433442298817,0.6657737888821736,1.203061489819389,0.423195354792732,1.0007581553386788,0.68
0.046094509363925784,-0.2749862694481702,-0.016751165252744782,0.6106466120286461,0.25661663669900237,-0.21781444753097542,-0.4413496603261276,0.5458621231910843,1.0013456188133512,0.3
-1.4086946403261107,-0.019689161318344306,-0.8571160020918192,0.9484562076852034,-1.4040388538611432,0.15578647262140422,-1.6706736138012788,0.899361903379193,1.0005034384379496,0.21
0.10724793616137185,-0.33766993039860127,0.24361237693696647,0.5693393588613948,0.2393988013099531,-0.3096665624222679,-0.10310988635714266,0.5169872623219062,0.9998819865584174,0.41
-0.8878358580269519,-0.1702308624207629,-0.8979733077885239,0.5122321280082958,-1.0868642144275547,-0.21970109499345772,-1.606061104195158,0.519761532342392,1.0017294454915704,0.13
0.5094435507023984,0.5190969644255805,-1.4849111414386746,0.7893598174609973,0.2776425839881129,0.44043144557445874,-2.4717417807418145,0.8093516892688765,1.0006845519079144,0.02
-0.09895804883787362,1.4772832227081691,1.1520929698888303,0.9685509379018775,0.18161271510522084,1.5253595016386352,0.434049056019119,0.8146678263878582,1.000912363993458,0.32
0.13068519525319844,-0.8090702469417477,-0.279299497244504,0.3658124424482737,0.12233514080629498,-0.71976132881956,-0.6154767436521327,0.32857618158267576,1.000212093455547,0.22
-0.9118745689456651,-0.8250561398743197,0.6499887833189977,0.41858491077518645,0.5418348411041206,0.5606814041626837,0.6500781363991945,0.02839442976706138,1.0008097414518873,0.98
0.5665849881837901,-1.0393363605794248,0.34777257135173567,0.9138408841795609,0.7424826078756852,-0.28822324858398485,-0.2685066853081659,0.658258687465022,1.0003290531232558,0.28
-0.020532646296956836,0.9508767638481865,-0.4216409610749401,0.6407709925759817,0.10263361103218528,0.9319118995161569,-1.4009646236182127,0.5573036364794475,1.0032501968580854,0.03
-0.1348877007503777,-0.956183779403893,0.05848904421451939,0.45411551236005543,0.10025424356104506,-0.8105451821974784,-0.04598867503337927,0.2665815412360842,1.0027605196319704,0.55
0.11581075608720082,1.0213745453295608,-0.5206709001823377,0.4813616730404135,-0.13342495926801273,0.842664358061652,-1.7374035497390796,0.5431021296155673,1.0009531509942167,0.01
-0.5969097790087163,1.0543781388190334,-1.206375585185056,0.9792266858916219,-0.7462604203309415,1.3252079215905144,-2.572719006622179,0.7561478865559079,1.001493011602684,0.0
-0.8051751028379126,0.6040817796432161,0.9906157002741853,0.6433373187176294,-0.14099779986689862,0.8736788797637249,0.8435533985403549,0.4202872330617712,1.0011231893374244,0.61
